"RentedBikes","Hour","Temperature","Humidity","Wind.speed","Visibility","Dew.point.temperature","Solar.Radiation","Rainfall","Snowfall","Holiday"
254,0,-5.2,37,2.2,2000,-17.6,0,0,0,2
204,1,-5.5,38,0.8,2000,-17.6,0,0,0,2
173,2,-6,39,1,2000,-17.7,0,0,0,2
107,3,-6.2,40,0.9,2000,-17.6,0,0,0,2
78,4,-6,36,2.3,2000,-18.6,0,0,0,2
100,5,-6.4,37,1.5,2000,-18.7,0,0,0,2
181,6,-6.6,35,1.3,2000,-19.5,0,0,0,2
460,7,-7.4,38,0.9,2000,-19.3,0,0,0,2
930,8,-7.6,37,1.1,2000,-19.8,0.01,0,0,2
490,9,-6.5,27,0.5,1928,-22.4,0.23,0,0,2
339,10,-3.5,24,1.2,1996,-21.2,0.65,0,0,2
360,11,-0.5,21,1.3,1936,-20.2,0.94,0,0,2
449,12,1.7,23,1.4,2000,-17.2,1.11,0,0,2
451,13,2.4,25,1.6,2000,-15.6,1.16,0,0,2
447,14,3,26,2,2000,-14.6,1.01,0,0,2
463,15,2.1,36,3.2,2000,-11.4,0.54,0,0,2
484,16,1.2,54,4.2,793,-7,0.24,0,0,2
555,17,0.8,58,1.6,2000,-6.5,0.08,0,0,2
862,18,0.6,66,1.4,2000,-5,0,0,0,2
600,19,0,77,1.7,2000,-3.5,0,0,0,2
426,20,-0.3,79,1.5,1913,-3.5,0,0,0,2
405,21,-0.8,81,0.8,1687,-3.6,0,0,0,2
398,22,-0.9,83,1.5,1380,-3.4,0,0,0,2
323,23,-1.3,84,1,1265,-3.6,0,0,0,2
328,0,-1.8,87,1.1,994,-3.6,0,0,0,2
308,1,-2.2,86,0.6,990,-4.2,0,0,0,2
262,2,-2.9,86,1.5,1256,-4.9,0,0,0,2
167,3,-3.5,81,2.2,1221,-6.2,0,0,0,2
89,4,-3.8,79,2,1167,-6.9,0,0,0,2
79,5,-4,79,1.5,1202,-7.1,0,0,0,2
70,6,-4.3,82,2.1,1178,-6.9,0,0,0,2
146,7,-4.4,81,2.5,1276,-7.1,0,0,0,2
219,8,-4.2,79,2.1,1436,-7.3,0.01,0,0,2
328,9,-2.9,68,1.6,1487,-7.9,0.3,0,0,2
334,10,-0.4,57,1.6,1309,-7.8,0.8,0,0,2
388,11,1.9,49,1.8,1406,-7.7,1,0,0,2
479,12,4.3,41,1.3,1666,-7.8,1.09,0,0,2
606,13,6,36,1.8,1780,-7.9,1.12,0,0,2
611,14,7.3,35,1.3,1955,-7.1,0.99,0,0,2
589,15,7.6,41,2.3,1953,-4.8,0.74,0,0,2
618,16,6.4,48,2.6,1945,-3.8,0.22,0,0,2
572,17,6,51,2.5,1891,-3.3,0.06,0,0,2
489,18,5.5,53,1.5,1697,-3.3,0,0,0,2
385,19,5,52,2.3,1666,-4,0,0,0,2
359,20,4.6,51,1.2,1585,-4.6,0,0,0,2
377,21,4.1,55,1.2,1448,-4.1,0,0,0,2
354,22,3.5,54,1.5,1446,-4.9,0,0,0,2
366,23,4,56,1,1352,-4,0,0,0,2
342,0,4,58,1.4,1296,-3.5,0,0,0,2
227,1,3.9,69,1.7,485,-1.2,0,0,0,2
228,2,3.3,79,1.4,830,0,0,0,0,2
117,3,3.4,71,1.6,1011,-1.3,0,0.5,0,2
76,4,3.5,73,1,1060,-0.8,0,0,0,2
32,5,3.9,75,1.9,914,-0.1,0,0,0,2
13,6,3.4,86,2.5,278,1.2,0,1,0,2
22,7,3.1,91,1.2,129,1.7,0,0,0,2
85,8,3.2,92,1.8,244,2,0,0,0,2
152,9,3.5,91,1.8,231,2.1,0.02,2.5,0,2
200,10,4.4,89,2.2,257,2.7,0.24,0,0,2
273,11,5.1,87,1.4,321,3.1,0.25,0,0,2
333,12,5.8,85,1.7,349,3.4,0.43,0,0,2
495,13,6.8,81,1.9,390,3.7,0.6,0,0,2
563,14,7.6,76,1.2,422,3.6,0.69,0,0,2
621,15,8,73,1.6,433,3.4,0.53,0,0,2
598,16,7.6,77,1.6,399,3.8,0.2,0,0,2
545,17,6.7,82,1.5,358,3.8,0.05,0,0,2
443,18,6,84,1.9,327,3.4,0,0,0,2
422,19,5.7,85,1.7,309,3.3,0,0,0,2
397,20,5.2,87,1.4,253,3.2,0,0,0,2
385,21,4.7,87,1.2,247,2.7,0,0,0,2
350,22,4.3,89,1.8,201,2.6,0,0,0,2
303,23,3.9,90,1.3,194,2.4,0,0,0,2
285,0,4.2,88,0.6,216,2.3,0,0,0,2
186,1,4.3,87,0.5,221,2.3,0,0,0,2
112,2,4.4,87,1.8,207,2.4,0,0,0,2
65,3,3.6,85,2.3,206,1.3,0,0,0,2
41,4,2.8,89,1.5,130,1.1,0,0,0,2
82,5,2,83,2.7,253,-0.5,0,0,0,2
200,6,1.2,76,3.7,371,-2.5,0,0.1,0,2
498,7,0.2,68,3.4,702,-5,0,0,0,2
937,8,-0.8,69,3.5,954,-5.7,0.01,0,0,2
509,9,-1.5,47,4.2,1888,-11.3,0.22,0,0,2
311,10,-1.1,40,4.5,2000,-13,0.64,0,0,2
379,11,-0.5,41,4.1,1799,-12.1,0.94,0,0,2
393,12,-0.3,38,4.8,1823,-12.9,1.11,0,0,2
391,13,0,30,5.4,1938,-15.5,1.17,0,0,2
338,14,0.1,27,4.5,2000,-16.7,1.09,0,0,2
341,15,-0.1,25,5.8,2000,-17.8,0.88,0,0,2
375,16,-0.2,23,4.7,2000,-18.8,0.55,0,0,2
515,17,-1.3,26,5.3,2000,-18.3,0.18,0,0,2
807,18,-2.1,29,3.9,2000,-17.7,0,0,0,2
568,19,-2.9,32,3.2,2000,-17.3,0,0,0,2
398,20,-3.6,38,3,2000,-15.8,0,0,0,2
397,21,-4.6,43,4.5,2000,-15.3,0,0,0,2
353,22,-5.3,45,2.5,2000,-15.3,0,0,0,2
248,23,-5.8,44,2.4,2000,-16.1,0,0,0,2
216,0,-6.1,42,2.6,2000,-16.9,0,0,0,2
198,1,-6.5,41,2.8,2000,-17.6,0,0,0,2
124,2,-6.8,41,2.5,2000,-17.8,0,0,0,2
62,3,-6.9,39,2,2000,-18.5,0,0,0,2
42,4,-7.2,34,3,2000,-20.4,0,0,0,2
82,5,-7.4,33,2.6,2000,-20.9,0,0,0,2
172,6,-7.4,34,3.2,2000,-20.6,0,0,0,2
381,7,-7.5,33,2.2,2000,-21,0,0,0,2
812,8,-8.1,36,1.6,2000,-20.5,0.01,0,0,2
462,9,-7.6,31,1.3,1974,-21.8,0.21,0,0,2
269,10,-5.5,26,2.8,1967,-22,0.64,0,0,2
334,11,-3.9,25,0,1959,-21,0,0,0,2
321,12,-2.3,25,0,1962,-19.7,0,0,0,2
325,13,-1.6,27,0,1955,-18.2,0,0,0,2
334,14,-1.1,28,0,2000,-17.3,0,0,0,2
353,15,-0.7,28,0,2000,-16.9,0,0,0,2
435,16,-0.5,30,0,2000,-16,0,0,0,2
529,17,-1.6,35,0,2000,-15.1,0,0,0,2
789,18,-2.6,40,0,2000,-14.4,0,0,0,2
597,19,-3.2,45,0,2000,-13.5,0,0,0,2
418,20,-3.5,46,0,2000,-13.4,0,0,0,2
415,21,-3.7,47,0,2000,-13.3,0,0,0,2
393,22,-2.8,49,0,2000,-12,0,0,0,2
244,23,-2.5,59,0,1210,-9.4,0,0,0,2
145,0,-2.8,77,0,331,-6.2,0,0.1,0.1,2
144,1,-3,79,0,293,-6.1,0,0,0.3,2
117,2,-3,79,0,1862,-6.1,0,0,0.4,2
78,3,-3.2,78,0,1808,-6.4,0,0.2,0.4,2
58,4,-3.4,75,0,1982,-7.2,0,0,0.4,2
87,5,-3.6,76,0,1934,-7.2,0,0,0.4,2
142,6,-3.7,76,0,1864,-7.3,0,0,0.4,2
379,7,-4.2,77,0,1741,-7.6,0,0,0.3,2
802,8,-4.2,78,0,1518,-7.4,0.01,0,0.2,2
440,9,-3.3,70,0,1324,-7.9,0.25,0,0.2,2
307,10,-0.9,64,0,1224,-6.8,0.63,0,0.2,2
381,11,1.6,57,1.2,1261,-6,0.93,0,0,2
405,12,2.4,52,0.9,1224,-6.4,1.08,0,0,2
442,13,4.2,47,1.1,1469,-6.1,1.1,0,0,2
416,14,5.5,34,1,1966,-9.1,0.96,0,0,2
412,15,5.5,31,3.1,1968,-10.3,0.72,0,0,2
496,16,5.3,37,2.9,2000,-8.2,0.36,0,0,2
239,17,4.1,60,2.5,1565,-2.9,0.1,0,0,2
204,18,1.7,90,1,66,0.2,0,0.3,0.3,2
205,19,1.2,92,0.7,180,0,0,0,1,2
190,20,1.2,94,0.6,228,0.3,0,0,1,2
165,21,1.1,92,0.5,235,0,0,0.7,1,2
222,22,1.3,92,0.6,233,0.1,0,0,1,2
193,23,1.3,92,0.6,209,0.1,0,0,1,2
198,0,1.4,92,0.5,240,0.2,0,0,0.9,2
218,1,1.5,92,0.4,227,0.3,0,0,0.9,2
149,2,1.4,92,0.7,168,0.2,0,0,0.9,2
102,3,1.9,91,1.4,218,0.5,0,0,0.9,2
62,4,1.6,92,0.7,119,0.4,0,0,0.9,2
83,5,1.5,92,1.1,175,0.3,0,0,0.9,2
137,6,1,93,0.5,148,0,0,0,0.9,2
367,7,0.3,93,0.5,173,-0.7,0,0,0.9,2
754,8,-0.2,96,0.8,173,-0.7,0.01,0,0.8,2
415,9,0.1,91,0.8,265,-1.1,0.14,0,0.8,2
321,10,1.1,83,0.7,311,-1.4,0.41,0,0.7,2
333,11,2.3,69,1.7,628,-2.8,0.63,0,0.6,2
431,12,3.7,65,2.4,833,-2.2,0.98,0,0.3,2
394,13,4.1,37,3.1,1767,-9.3,1.14,0,0,2
390,14,4.4,36,2.7,1975,-9.4,1.04,0,0,2
430,15,4,35,3.1,1962,-10.1,0.84,0,0,2
471,16,3.2,38,2.9,1817,-9.7,0.51,0,0,2
552,17,2.1,50,2,1434,-7.2,0.15,0,0,2
795,18,0.7,46,2.7,1558,-9.6,0,0,0,2
507,19,-0.4,47,2.5,1269,-10.3,0,0,0,2
390,20,-1.4,47,2.5,1620,-11.2,0,0,0,2
402,21,-2.2,46,2.2,1975,-12.2,0,0,0,2
389,22,-2.7,48,2.6,1844,-12.2,0,0,0,2
259,23,-3.2,50,2.1,1887,-12.1,0,0,0,2
233,0,-3.5,49,2.6,1893,-12.6,0,0,0,2
230,1,-3.7,50,2.5,1902,-12.6,0,0,0,2
131,2,-4.3,53,1,1918,-12.4,0,0,0,2
99,3,-4.8,52,1.6,1978,-13.1,0,0,0,2
71,4,-5.3,53,2.4,1936,-13.4,0,0,0,2
84,5,-5.8,56,2,1941,-13.1,0,0,0,2
158,6,-6,56,3.5,1853,-13.3,0,0,0,2
387,7,-6.5,57,0.8,1776,-13.6,0,0,0,2
780,8,-7,59,0.8,1559,-13.6,0.01,0,0,2
395,9,-6.7,50,0.9,1492,-15.4,0.23,0,0,2
261,10,-5.3,44,2.8,1516,-15.6,0.63,0,0,2
310,11,-3.7,39,1.4,1595,-15.6,0.93,0,0,2
355,12,-2,30,1.4,1728,-17.3,1.14,0,0,2
354,13,-1.7,28,1.8,1963,-17.8,1.22,0,0,2
350,14,-1.3,27,3.1,1906,-17.9,1.12,0,0,2
362,15,-0.8,26,3.3,1977,-17.9,0.87,0,0,2
401,16,-1.1,24,3.4,2000,-19.1,0.56,0,0,2
500,17,-2.4,30,2.7,2000,-17.6,0.18,0,0,2
752,18,-3.1,33,1.2,2000,-17.1,0,0,0,2
477,19,-3.3,35,1.1,2000,-16.6,0,0,0,2
384,20,-3.3,34,1.5,2000,-16.9,0,0,0,2
336,21,-3.3,35,0.5,2000,-16.6,0,0,0,2
347,22,-3.4,39,1.2,2000,-15.4,0,0,0,2
275,23,-3.5,43,0.9,2000,-14.3,0,0,0,2
267,0,-3.5,48,0.9,1967,-12.9,0,0,0,2
296,1,-4.1,49,0.6,2000,-13.2,0,0,0,2
237,2,-4.7,50,0.7,1983,-13.5,0,0,0,2
169,3,-4.3,47,0.6,1992,-13.9,0,0,0,2
96,4,-4.3,49,0.7,2000,-13.4,0,0,0,2
56,5,-4.7,49,0.8,1999,-13.8,0,0,0,2
76,6,-5.1,53,0.9,1975,-13.2,0,0,0,2
127,7,-5.5,56,0.8,1950,-12.9,0,0,0,2
222,8,-5.4,56,0.7,1940,-12.8,0.01,0,0,2
291,9,-4.7,48,1,1784,-14,0.23,0,0,2
273,10,-2.2,42,1.3,1646,-13.4,0.61,0,0,2
351,11,0,45,1.1,1500,-10.5,0.89,0,0,2
427,12,2.4,40,0.8,1809,-9.8,1.05,0,0,2
431,13,3.9,36,2,1702,-9.8,1.13,0,0,2
486,14,4.7,32,2.2,1948,-10.6,1.06,0,0,2
569,15,5.2,30,2,1963,-11,0.84,0,0,2
546,16,4.4,33,1.6,1963,-10.5,0.4,0,0,2
481,17,3.5,37,1.8,1963,-9.8,0.1,0,0,2
384,18,2.5,41,1,1974,-9.4,0,0,0,2
275,19,1.5,48,0.4,1878,-8.3,0,0,0,2
298,20,0.8,51,1.4,1848,-8.2,0,0,0,2
321,21,-0.1,55,0.7,1654,-8,0,0,0,2
289,22,-0.5,55,0.6,1655,-8.4,0,0,0,2
265,23,-0.1,54,1.3,1570,-8.3,0,0,0,2
326,0,-0.2,55,1,1629,-8.1,0,0,0,2
280,1,-0.2,54,0.5,1747,-8.4,0,0,0,2
243,2,0.2,52,0.7,1726,-8.5,0,0,0,2
169,3,0.3,53,0.5,1748,-8.1,0,0,0,2
71,4,0.4,52,1.6,1816,-8.3,0,0,0,2
13,5,0.3,74,1,178,-3.7,0,0,0.7,2
9,6,-0.5,90,0.9,91,-1.9,0,2.5,2.7,2
20,7,-0.4,92,1.1,121,-1.5,0,0,4,2
35,8,-0.2,90,1.2,378,-1.6,0,0,4.1,2
31,9,0.2,90,1,305,-1.2,0,1.6,4.3,2
19,10,0.5,91,0.4,143,-0.8,0,0,4.3,2
58,11,0.9,92,0.9,137,-0.2,0.03,0,3.9,2
119,12,2.3,88,0.3,245,0.5,0.28,0,3.1,2
182,13,3.3,87,1.1,230,1.3,0.54,0,2.1,2
235,14,4.2,85,0.7,325,1.8,0.65,0,1.4,2
180,15,6.7,63,4.5,715,0.1,0.35,0,1,2
214,16,5.4,71,3.5,622,0.5,0.2,0,0.5,2
226,17,3.6,65,4.3,1061,-2.3,0.03,0,0.4,2
210,18,2,61,3,2000,-4.7,0,0,0,2
181,19,1.6,53,4,2000,-6.9,0,0,0,2
165,20,0.6,57,3.9,1954,-6.9,0,0,0,2
167,21,0,59,3,1862,-7,0,0,0,2
152,22,-1,56,4.7,2000,-8.6,0,0,0,2
148,23,-1.4,43,4.3,2000,-12.3,0,0,0,2
125,0,-2.5,39,3.4,2000,-14.5,0,0,0,2
111,1,-3.4,36,3.8,2000,-16.3,0,0,0,2
67,2,-4.2,35,3.4,2000,-17.4,0,0,0,2
45,3,-4.7,38,2.4,2000,-16.8,0,0,0,2
44,4,-5.2,35,3.2,2000,-18.3,0,0,0,2
86,5,-5.6,38,3.2,1974,-17.6,0,0,0,2
136,6,-5.9,39,2.9,1979,-17.6,0,0,0,2
325,7,-6,39,3.1,1996,-17.7,0,0,0,2
653,8,-6,38,3.6,1994,-18,0.01,0,0,2
326,9,-5.9,36,5.1,1941,-18.6,0.1,0,0,2
212,10,-5.3,32,4.5,2000,-19.4,0.62,0,0,2
226,11,-4.7,36,3.8,2000,-17.5,1,0,0,2
247,12,-5.2,33,4.6,1973,-19,1.26,0,0,2
241,13,-5.4,32,5.1,1986,-19.5,1.24,0,0,2
253,14,-5.4,31,4.1,1945,-19.9,1.13,0,0,2
269,15,-5.5,33,4.5,2000,-19.2,0.92,0,0,2
277,16,-6,40,4,2000,-17.4,0.55,0,0,2
361,17,-7.1,44,4.2,2000,-17.3,0.18,0,0,2
557,18,-7.9,43,3.3,2000,-18.3,0,0,0,2
371,19,-8.6,45,3.9,2000,-18.4,0,0,0,2
254,20,-9.3,49,3.8,2000,-18,0,0,0,2
266,21,-9.7,51,2.5,2000,-17.9,0,0,0,2
222,22,-10.2,50,3,2000,-18.6,0,0,0,2
174,23,-10.7,53,1.2,2000,-18.4,0,0,0,2
133,0,-11,51,1.1,2000,-19.1,0,0,0,2
127,1,-11.2,51,1.1,2000,-19.3,0,0,0,2
95,2,-11.5,50,0.7,2000,-19.8,0,0,0,2
54,3,-11.6,50,2.2,1995,-19.9,0,0,0,2
46,4,-11.6,47,2.1,1982,-20.6,0,0,0,2
65,5,-11.6,45,2.8,1951,-21.1,0,0,0,2
104,6,-11.8,47,2.5,1973,-20.8,0,0,0,2
280,7,-12.1,50,2.3,1929,-20.4,0,0,0,2
580,8,-12.3,52,1.3,1914,-20.1,0,0,0,2
275,9,-11.8,46,2.9,1956,-21.1,0.1,0,0,2
184,10,-10.5,45,3.3,1855,-20.1,0.6,0,0,2
201,11,-9.4,42,3.1,1815,-19.9,0.93,0,0,2
228,12,-8.3,35,2.9,1967,-21,1.14,0,0,2
225,13,-6.9,37,2.4,1955,-19.1,1.22,0,0,2
258,14,-5.4,32,2,1930,-19.5,1.12,0,0,2
250,15,-5.8,30,2.8,2000,-20.6,0.92,0,0,2
248,16,-6,29,2.8,1983,-21.2,0.58,0,0,2
305,17,-7,32,2.6,2000,-20.9,0.19,0,0,2
529,18,-7.7,36,1,2000,-20.2,0,0,0,2
350,19,-8.2,43,1.1,2000,-18.5,0,0,0,2
260,20,-8.4,42,1,2000,-19,0,0,0,2
270,21,-8.8,43,1.4,1999,-19.1,0,0,0,2
256,22,-9,45,1.3,1999,-18.7,0,0,0,2
173,23,-9.3,47,2.1,2000,-18.5,0,0,0,2
168,0,-9.5,48,1.3,1996,-18.4,0,0,0,2
183,1,-10.2,52,1.6,1997,-18.2,0,0,0,2
120,2,-10.4,53,1.8,1949,-18.1,0,0,0,2
79,3,-10.9,55,1.8,1913,-18.1,0,0,0,2
41,4,-11.4,58,1.3,1907,-18,0,0,0,2
68,5,-11.5,58,1.1,1923,-18.1,0,0,0,2
109,6,-11.9,57,1.1,1974,-18.7,0,0,0,2
310,7,-11.7,53,1.6,1998,-19.3,0,0,0,2
591,8,-11.4,47,3.3,2000,-20.4,0,0,0,2
340,9,-11.1,46,3.4,1981,-20.4,0.1,0,0,2
202,10,-9.5,39,2.1,1875,-20.9,0.6,0,0,2
251,11,-8.1,35,1.8,1806,-20.9,0.96,0,0,2
267,12,-6.5,30,2.9,1945,-21.2,1.17,0,0,2
251,13,-5.8,28,2.9,1887,-21.4,1.23,0,0,2
240,14,-4.7,27,2.9,1883,-20.8,1.12,0,0,2
240,15,-4.9,26,3.1,1887,-21.5,0.89,0,0,2
278,16,-4.5,26,2.2,2000,-21.1,0.56,0,0,2
392,17,-5.6,29,1.7,2000,-20.8,0.18,0,0,2
537,18,-6.6,33,1.1,2000,-20.2,0,0,0,2
373,19,-6.6,31,1.6,2000,-20.9,0,0,0,2
263,20,-7.6,35,0.8,2000,-20.4,0,0,0,2
271,21,-8.3,39,1,2000,-19.8,0,0,0,2
271,22,-8.9,39,0.1,2000,-20.3,0,0,0,2
174,23,-9.2,44,0.4,1978,-19.2,0,0,0,2
171,0,-9.5,50,0.6,1953,-18,0,0,0,2
170,1,-9.8,48,0.8,2000,-18.7,0,0,0,2
107,2,-10.6,44,0.8,1903,-20.5,0,0,0,2
80,3,-10.7,48,0.4,1651,-19.6,0,0,0,2
52,4,-11,50,0.8,1718,-19.4,0,0,0,2
62,5,-10.8,48,0.8,1648,-19.6,0,0,0,2
108,6,-11,55,0.8,1541,-18.2,0,0,0,2
279,7,-10.9,57,1.1,1387,-17.7,0,0,0,2
621,8,-10.4,54,1.1,1432,-17.9,0.01,0,0,2
305,9,-9.4,44,0.5,1680,-19.4,0.13,0,0,2
189,10,-7.7,43,0.9,1555,-18.1,0.35,0,0,2
247,11,-6.1,38,1,1587,-18.1,0.52,0,0,2
278,12,-4.9,34,1.3,1768,-18.3,0.6,0,0,2
282,13,-3.8,32,0.9,1827,-18.1,0.52,0,0,2
294,14,-2.7,28,0.7,1857,-18.7,0.65,0,0,2
301,15,-2.5,29,1.1,1667,-18.1,0.48,0,0,2
335,16,-2.4,28,0.9,1878,-18.4,0.35,0,0,2
382,17,-2.9,31,0.6,1723,-17.7,0.09,0,0,2
612,18,-3.5,35,1.1,1414,-16.7,0,0,0,2
410,19,-4.2,40,0.9,1216,-15.8,0,0,0,2
277,20,-4.8,43,1.1,1397,-15.4,0,0,0,2
316,21,-4.8,45,0.8,1351,-14.9,0,0,0,2
309,22,-4.9,44,1.1,1369,-15.3,0,0,0,2
211,23,-5.6,53,1.2,1290,-13.6,0,0,0,2
227,0,-5.7,53,0.6,1262,-13.7,0,0,0,2
241,1,-6.3,57,0.4,1148,-13.4,0,0,0,2
162,2,-6.8,58,0.4,1089,-13.6,0,0,0,2
110,3,-6.9,56,0.5,1111,-14.2,0,0,0,2
69,4,-7.1,59,0.8,1058,-13.7,0,0,0,2
68,5,-7.5,64,0.9,989,-13.1,0,0,0,2
129,6,-7.4,64,0.7,906,-13,0,0,0,2
285,7,-7,63,0.6,865,-12.8,0,0,0,2
658,8,-6.6,64,1.1,791,-12.2,0,0,0,2
330,9,-5.9,60,0.6,691,-12.4,0.09,0,0,2
221,10,-4.6,52,0.8,648,-12.9,0.34,0,0,2
279,11,-2.9,46,1,809,-12.9,0.42,0,0,2
309,12,-2.5,43,0.7,895,-13.3,0.34,0,0,2
325,13,-1.6,40,0.3,868,-13.4,0.32,0,0,2
329,14,-0.7,39,0.8,826,-12.9,0.35,0,0,2
342,15,0.1,35,1.5,946,-13.5,0.42,0,0,2
354,16,0,37,0.6,994,-12.9,0.13,0,0,2
464,17,-0.2,39,0.8,1016,-12.5,0,0,0,2
682,18,0.1,43,0.9,1485,-11,0,0,0,2
451,19,0.6,41,1.2,1550,-11.1,0,0,0,2
320,20,0.9,42,1.2,1113,-10.5,0,0,0,2
300,21,0.7,47,2.7,1283,-9.3,0,0,0,2
296,22,-0.1,49,2,870,-9.5,0,0,0,2
247,23,-1.3,60,2.5,792,-8,0,0,0,2
217,0,-2.6,73,3.4,787,-6.7,0,0,0,2
302,1,-3.4,76,2.9,582,-7,0,0,0,2
228,2,-4.1,73,2.1,567,-8.2,0,0,0,2
129,3,-4.5,71,1.6,651,-8.9,0,0,0,2
80,4,-5,70,2.7,702,-9.6,0,0,0,2
45,5,-5.6,72,2,662,-9.8,0,0,0,2
66,6,-6.1,69,2.9,765,-10.8,0,0,0,2
90,7,-6.7,64,2.1,977,-12.3,0,0,0,2
190,8,-7.3,62,2.6,1112,-13.3,0,0,0,2
195,9,-7.2,47,2.8,1724,-16.6,0.18,0,0,2
201,10,-6.2,42,2.3,1893,-17,0.52,0,0,2
239,11,-5.2,30,4,1991,-20.1,0.86,0,0,2
252,12,-4.1,28,3.8,1998,-19.9,1.08,0,0,2
296,13,-3.7,23,4,1980,-21.8,1.12,0,0,2
292,14,-3.4,22,4.3,1966,-22.1,1.07,0,0,2
291,15,-3.3,22,5,2000,-22,0.86,0,0,2
258,16,-3.3,24,3.5,2000,-21,0.54,0,0,2
277,17,-4.6,26,2.6,2000,-21.2,0.17,0,0,2
212,18,-5.3,28,3.5,2000,-21,0,0,0,2
173,19,-6,32,2.4,2000,-20,0,0,0,2
143,20,-6.6,37,3.4,2000,-18.9,0,0,0,2
159,21,-7.1,39,3.2,2000,-18.7,0,0,0,2
155,22,-7.6,41,1.6,2000,-18.6,0,0,0,2
142,23,-8,41,2.2,2000,-18.9,0,0,0,2
175,0,-8.1,41,2,2000,-19,0,0,0,2
146,1,-8.4,40,1.6,2000,-19.6,0,0,0,2
132,2,-8.7,40,2.8,2000,-19.8,0,0,0,2
100,3,-9,40,3.1,2000,-20.1,0,0,0,2
41,4,-9.5,40,1.9,2000,-20.6,0,0,0,2
31,5,-9.7,41,3.1,2000,-20.5,0,0,0,2
39,6,-9.9,42,2.3,2000,-20.4,0,0,0,2
53,7,-10.2,42,2.3,2000,-20.6,0,0,0,2
94,8,-10.7,43,0.9,2000,-20.8,0,0,0,2
122,9,-10.5,38,1.1,1950,-22.1,0.19,0,0,2
142,10,-8.5,31,1.5,1997,-22.6,0.58,0,0,2
189,11,-7.2,29,1.8,1926,-22.2,0.88,0,0,2
216,12,-4.9,25,2.6,1966,-21.9,1.08,0,0,2
223,13,-4.5,25,3.2,1989,-21.6,1.14,0,0,2
268,14,-3.2,26,3.1,1933,-20,1.07,0,0,2
278,15,-2.5,28,2,2000,-18.5,0.85,0,0,2
256,16,-2.7,31,2.3,2000,-17.5,0.54,0,0,2
266,17,-3.8,35,2.4,2000,-17,0.17,0,0,2
204,18,-4.7,37,1.8,2000,-17.2,0.01,0,0,2
157,19,-5.6,39,1.1,2000,-17.3,0,0,0,2
166,20,-6,42,0.8,2000,-16.8,0,0,0,2
168,21,-6.5,45,0.7,2000,-16.4,0,0,0,2
172,22,-6.6,50,0.6,1990,-15.3,0,0,0,2
138,23,-6.9,53,0.7,2000,-14.8,0,0,0,2
151,0,-5.9,50,0.6,2000,-14.6,0,0,0,2
97,1,-5.3,48,0.4,1664,-14.6,0,0,0,2
38,2,-5,65,0.4,990,-10.5,0,0,0.2,2
32,3,-5.3,76,1,767,-8.8,0,0.3,0.5,2
29,4,-5.4,81,0.7,270,-8.1,0,0,0.7,2
27,5,-5.3,81,0.9,923,-8,0,0,0.8,2
45,6,-5.2,85,0.9,271,-7.3,0,0.4,1.3,2
96,7,-5,85,0.7,186,-7.1,0,0,1.8,2
146,8,-4.6,86,1.2,508,-6.5,0,0,2,2
52,9,-4.3,89,1,59,-5.8,0,1.6,4,2
36,10,-3.7,87,1,541,-5.5,0.03,0,4.8,2
44,11,-2.9,85,1.2,243,-5,0.06,0,4.8,2
62,12,-1.8,83,1.2,351,-4.3,0.09,1.1,5.1,2
76,13,-0.9,84,1.2,333,-3.2,0.09,0,5,2
116,14,0.5,76,0.9,364,-3.2,0.17,0,4.2,2
137,15,1.6,73,0.9,421,-2.7,0.6,0,3.2,2
181,16,1.8,76,0.8,410,-1.9,0.47,0,2.7,2
175,17,0.4,84,0.8,317,-1.9,0.15,0,2.7,2
281,18,0,88,0.6,277,-1.7,0,0,2.7,2
198,19,1.3,65,1.1,1122,-4.5,0,0,2.7,2
165,20,3.3,65,3.2,1172,-2.6,0,0,2.7,2
148,21,2.8,73,2.4,831,-1.5,0,0,2.6,2
160,22,1.5,82,2.4,537,-1.2,0,0,2.6,2
128,23,0.1,81,2.9,551,-2.7,0,0,2.6,2
122,0,-1,73,2.3,881,-5.2,0,0,2.6,2
122,1,-2,72,0.8,979,-6.3,0,0,2.6,2
93,2,-2.7,72,0.9,990,-7,0,0,2.6,2
55,3,-2.8,58,1.6,1315,-9.9,0,0,2.6,2
39,4,-2.9,59,1.8,1286,-9.8,0,0,2.6,2
55,5,-3.9,66,0.7,1209,-9.3,0,0,2.6,2
78,6,-4.3,70,1.6,1169,-8.9,0,0,2.6,2
165,7,-4.4,64,2.8,1367,-10.1,0,0,2.6,2
390,8,-5.2,58,2.2,1594,-12.1,0,0,2.5,2
199,9,-5.3,48,2.6,1810,-14.6,0.18,0,2.5,2
151,10,-4.6,41,2.8,1815,-15.8,0.57,0,2.5,2
174,11,-3.5,35,2.2,1742,-16.7,0.87,0,2.5,2
191,12,-2.5,31,2.6,1778,-17.3,1.08,0,2.3,2
189,13,-2.2,25,3.2,1970,-19.6,1.17,0,2.2,2
178,14,-2.2,23,3.7,1971,-20.5,1.09,0,2.2,2
195,15,-1.3,26,3,2000,-18.3,0.91,0,2.1,2
211,16,-1.8,31,3.1,1993,-16.7,0.56,0,2,2
256,17,-2.7,35,1.8,2000,-16,0.18,0,2,2
384,18,-3.8,42,3.3,2000,-14.8,0,0,2,2
276,19,-4.5,51,2,2000,-13.1,0,0,2,2
225,20,-4.9,55,2,2000,-12.5,0,0,2,2
224,21,-5,57,1.9,2000,-12.2,0,0,2,2
213,22,-5.5,56,1.5,2000,-12.9,0,0,2,2
149,23,-5.8,57,1.7,2000,-12.9,0,0,2,2
142,0,-6.5,63,1.5,1666,-12.3,0,0,2,2
172,1,-7.3,67,1.1,1593,-12.3,0,0,2,2
108,2,-7.8,68,0.9,1642,-12.6,0,0,2,2
71,3,-8.1,70,1.3,1557,-12.6,0,0,2,2
38,4,-8.5,73,1,1723,-12.4,0,0,2,2
56,5,-8.3,67,0.9,1566,-13.3,0,0,2,2
97,6,-8.2,66,0.9,1718,-13.4,0,0,2,2
213,7,-8.1,67,0.9,1737,-13.1,0,0,2,2
466,8,-7.8,65,1.1,1738,-13.2,0,0,2,2
239,9,-6.7,62,1.1,1749,-12.7,0.09,0,2,2
162,10,-5.4,56,1.1,1751,-12.8,0.28,0,2,2
204,11,-4.2,51,1.1,1772,-12.8,0.4,0,1.9,2
209,12,-3.2,49,1.3,1723,-12.4,0.53,0,1.9,2
228,13,-1.3,43,1,1777,-12.3,0.8,0,1.7,2
243,14,-0.5,44,1,1793,-11.2,0.71,0,1.7,2
240,15,-0.2,45,1,1852,-10.7,0.41,0,1.6,2
225,16,-0.5,48,1.1,1722,-10.1,0.12,0,1.6,2
237,17,-0.9,70,1.1,299,-5.6,0.02,0,2.2,2
329,18,-1.4,79,1.6,702,-4.5,0,0.1,2.2,2
190,19,-1.5,81,1.8,751,-4.3,0,0,2.2,2
165,20,-1.9,86,0.9,700,-3.9,0,0,2.4,2
197,21,-2,83,1.2,904,-4.5,0,0.1,2.4,2
184,22,-1.6,82,0.4,929,-4.2,0,0,2.3,2
153,23,-1.1,87,1.4,349,-2.9,0,0,2.2,2
166,0,-1.3,90,2,259,-2.7,0,0,2.2,2
189,1,-1.8,90,1.6,263,-3.2,0,0,2.2,2
132,2,-2.2,88,1.4,348,-3.9,0,0,2.2,2
79,3,-2.9,89,1.3,288,-4.4,0,0,2.2,2
58,4,-3.6,91,1.2,241,-4.8,0,0,2.2,2
49,5,-4.3,91,1.5,233,-5.5,0,0,2.2,2
84,6,-4.8,91,1.1,266,-6,0,0,2.2,2
178,7,-5.3,90,1.1,311,-6.6,0,0,2.2,2
423,8,-5.6,89,0.9,371,-7.1,0,0,2.2,2
265,9,-5.3,88,0.4,463,-6.9,0.21,0,2.2,2
169,10,-3,71,0.7,608,-7.5,0.67,0,2.1,2
243,11,-0.7,62,0.7,519,-7,0.77,0,2,2
290,12,1.9,40,2,1835,-10.3,1.04,0,1.9,2
285,13,3.2,42,1.8,1349,-8.5,1.08,0,1.8,2
255,14,4.3,47,2.3,953,-6,0.96,0,1.6,2
316,15,4.4,46,1.4,1113,-6.2,0.78,0,1,2
301,16,4.1,51,1.8,1112,-5.1,0.48,0,0.9,2
366,17,2.9,60,1.3,1193,-4.1,0.16,0,0.8,2
531,18,1.7,64,1.3,1140,-4.3,0,0,0.8,2
355,19,0.8,71,0.9,923,-3.8,0,0,0.8,2
288,20,0.2,72,0.7,990,-4.2,0,0,0.8,2
248,21,-0.4,74,0.6,1065,-4.4,0,0,0.8,2
252,22,-1.1,78,0.6,865,-4.4,0,0,0.8,2
212,23,-1.5,79,0.6,821,-4.6,0,0,0.8,2
196,0,-1.7,79,0.5,794,-4.8,0,0,0.8,1
250,1,-1.6,79,0.6,784,-4.7,0,0,0.8,1
161,2,-1.1,79,0.7,736,-4.2,0,0,0.8,1
99,3,-0.6,76,0.5,789,-4.3,0,0,0.7,1
64,4,-0.3,76,0.9,760,-4,0,0,0.7,1
76,5,-0.2,73,0.8,880,-4.4,0,0,0.7,1
114,6,-0.1,71,0.8,895,-4.7,0,0,0.7,1
283,7,-0.3,72,0.7,919,-4.7,0,0,0.7,1
544,8,-0.4,69,0.5,904,-5.4,0,0,0.7,1
298,9,0.3,67,0.7,897,-5.1,0.03,0,0.6,1
248,10,1.4,64,1,897,-4.6,0.25,0,0.5,1
278,11,3.1,57,0.8,804,-4.6,0.63,0,0,1
301,12,4.5,56,0.8,836,-3.5,0.71,0,0,1
320,13,5.4,55,1.2,820,-2.9,0.66,0,0,1
326,14,5.9,55,0.6,779,-2.4,0.48,0,0,1
386,15,6.5,55,0.9,801,-1.9,0.38,0,0,1
416,16,6,58,0.7,732,-1.6,0.19,0,0,1
477,17,5.4,61,1.3,691,-1.5,0.08,0,0,1
671,18,4.9,63,0.6,677,-1.5,0,0,0,1
481,19,5.2,64,0.7,691,-1,0,0,0,1
323,20,5.9,67,1.3,779,0.2,0,0,0,1
309,21,6.1,70,2.2,763,1,0,0,0,1
314,22,6.1,70,2.7,806,1,0,0,0,1
249,23,5.8,74,2.5,832,1.5,0,0,0,1
282,0,5.8,75,1.9,788,1.7,0,0,0,2
337,1,5.7,75,1.7,706,1.6,0,0,0,2
312,2,5.6,76,1.6,641,1.6,0,0,0,2
230,3,5.4,77,1.6,583,1.6,0,0,0,2
120,4,5.3,79,0.9,506,1.9,0,0,0,2
59,5,5,81,1.2,425,2,0,0,0,2
63,6,5.1,81,1.3,375,2.1,0,0,0,2
99,7,5.1,82,0.7,334,2.2,0,0,0,2
188,8,5.1,83,0.9,297,2.4,0,0,0,2
239,9,5.2,84,0.7,226,2.7,0.03,0,0,2
235,10,5.4,82,1.2,215,2.5,0.13,0,0,2
282,11,5.7,81,1.1,192,2.6,0.18,0,0,2
325,12,7,72,1.9,246,2.2,0.64,0,0,2
423,13,7.7,68,1,249,2.1,0.58,0,0,2
405,14,8.6,63,1.6,263,1.9,0.72,0,0,2
443,15,8.6,64,1.5,269,2.1,0.57,0,0,2
473,16,8.2,64,1,281,1.7,0.32,0,0,2
453,17,7.7,67,0.9,264,1.9,0.11,0,0,2
340,18,6.6,73,0.4,229,2,0,0,0,2
260,19,6,76,1.1,219,2,0,0,0,2
258,20,5.9,75,1.5,222,1.7,0,0,0,2
279,21,5.6,77,0.9,212,1.8,0,0,0,2
282,22,5.3,79,0.6,200,1.9,0,0,0,2
237,23,5.5,80,0.6,185,2.3,0,0,0,2
266,0,5.6,78,0.6,196,2,0,0,0,1
251,1,5.6,78,0.5,197,2,0,0,0,1
196,2,5.4,80,0.9,190,2.2,0,0,0,1
149,3,5.2,82,0.8,190,2.3,0,0,0,1
79,4,5.2,82,0.7,189,2.3,0,0,0,1
44,5,5.1,82,0.6,185,2.2,0,0,0,1
12,6,4.9,84,1.3,159,2.4,0,0.1,0,1
3,7,4.7,89,1.1,100,3,0,0,0,1
4,8,4.6,91,1.7,95,3.2,0,0,0,1
3,9,4.6,94,0.9,90,3.7,0,6.4,0,1
4,10,4.8,96,0.6,87,4.2,0.04,0,0,1
9,11,4.6,95,0.8,156,3.8,0.05,0,0,1
4,12,4.1,91,0.8,404,2.7,0.07,9.5,0,1
7,13,3.7,90,0.7,744,2.2,0.15,0,0,1
28,14,3.3,90,2.5,561,1.8,0.19,0,0,1
38,15,2.9,90,2,380,1.4,0.08,3.5,0,1
54,16,2.3,91,3.3,270,0.9,0.07,0,0,1
104,17,2.2,86,2.6,605,0,0.04,0,0,1
128,18,1.9,82,4.3,699,-0.8,0.01,0.5,0,1
132,19,1.1,68,4.4,695,-4.1,0,0,0,1
116,20,0.6,67,3.3,506,-4.8,0,0,0,1
145,21,0.4,69,3.5,477,-4.6,0,0,0,1
110,22,0.2,69,2.7,565,-4.8,0,0,0,1
128,23,0,63,3.2,884,-6.2,0,0,0,1
160,0,-0.6,64,2.4,1010,-6.5,0,0,0,1
132,1,-1.2,57,4.3,1429,-8.6,0,0,0,1
115,2,-1.8,53,4.1,1825,-10.1,0,0,0,1
100,3,-2.3,52,3.4,1947,-10.8,0,0,0,1
72,4,-3,51,3.2,2000,-11.7,0,0,0,1
32,5,-3.7,51,2.6,2000,-12.3,0,0,0,1
59,6,-4.1,50,3,2000,-13,0,0,0,1
61,7,-4.6,46,2.8,2000,-14.4,0,0,0,1
94,8,-4.9,44,3,2000,-15.3,0,0,0,1
107,9,-4.6,40,3.5,2000,-16.1,0.18,0,0,1
133,10,-3.7,35,3.7,1937,-16.9,0.57,0,0,1
179,11,-2.8,35,2.9,1984,-16.1,0.87,0,0,1
221,12,-1.6,33,2.5,1874,-15.8,1.18,0,0,1
244,13,-1.5,33,3.8,2000,-15.7,1.18,0,0,1
274,14,-0.4,31,2,2000,-15.5,1.1,0,0,1
319,15,0.4,28,2.5,2000,-16,0.9,0,0,1
272,16,0.4,27,2,2000,-16.4,0.58,0,0,1
260,17,-0.7,29,2,2000,-16.5,0.21,0,0,1
237,18,-1.6,33,2,2000,-15.8,0,0,0,1
184,19,-1.8,41,2.1,2000,-13.3,0,0,0,1
181,20,-2.1,49,1.7,2000,-11.4,0,0,0,1
185,21,-1.7,51,1.7,2000,-10.5,0,0,0,1
176,22,-1.3,53,1.7,2000,-9.6,0,0,0,1
169,23,-1,55,1.9,2000,-8.9,0,0,0,1
178,0,-1.4,58,1,1880,-8.6,0,0,0,2
127,1,-1.5,62,1.3,2000,-7.8,0,0,0,2
85,2,-2.1,69,1,1995,-7,0,0,0,2
72,3,-2.6,70,1,1992,-7.3,0,0,0,2
49,4,-2.6,72,1.4,1929,-6.9,0,0,0,2
65,5,-2.9,77,0.8,1833,-6.3,0,0,0,2
120,6,-2.8,73,0.7,1906,-6.9,0,0,0,2
296,7,-2.9,73,1.9,1911,-7,0,0,0,2
578,8,-2.7,68,2.2,1919,-7.7,0,0,0,2
293,9,-2.8,52,2.9,1895,-11.3,0.16,0,0,2
180,10,-2.2,36,4.1,1930,-15.2,0.53,0,0,2
250,11,-2.1,28,4.9,1887,-18.2,0.87,0,0,2
262,12,-1.3,23,4,2000,-19.8,1.09,0,0,2
262,13,-2,15,4.7,1970,-25.2,1.18,0,0,2
271,14,-1.6,20,4.3,2000,-21.6,1.11,0,0,2
246,15,-1.9,17,5,2000,-23.7,0.93,0,0,2
282,16,-1.9,17,3.3,2000,-23.7,0.61,0,0,2
350,17,-3.6,20,3.7,2000,-23.3,0.23,0,0,2
481,18,-4.7,23,3.4,2000,-22.7,0.01,0,0,2
317,19,-5.4,27,3,2000,-21.5,0,0,0,2
252,20,-6.1,32,4.7,2000,-20.1,0,0,0,2
220,21,-6.6,39,3.2,2000,-18.2,0,0,0,2
213,22,-7.2,38,3.1,2000,-19.1,0,0,0,2
156,23,-7.5,37,3.1,2000,-19.7,0,0,0,2
133,0,-7.9,37,2.2,2000,-20,0,0,0,2
142,1,-8.2,39,1.8,2000,-19.7,0,0,0,2
93,2,-8.6,37,1.5,2000,-20.7,0,0,0,2
81,3,-9.1,37,1,2000,-21.1,0,0,0,2
55,4,-9.1,33,2.3,2000,-22.4,0,0,0,2
66,5,-9.4,36,1.9,2000,-21.7,0,0,0,2
105,6,-9.8,37,1.7,2000,-21.7,0,0,0,2
262,7,-10.1,38,2.3,2000,-21.7,0,0,0,2
502,8,-10.2,35,1.8,2000,-22.7,0,0,0,2
279,9,-9.8,33,2,1997,-23,0.17,0,0,2
146,10,-8.5,29,2.4,1992,-23.4,0.56,0,0,2
213,11,-6.8,28,2.1,1986,-22.3,0.88,0,0,2
230,12,-5.5,21,2.1,1941,-24.4,1.08,0,0,2
258,13,-4.7,18,3.7,2000,-25.4,1.16,0,0,2
231,14,-4,18,2.4,2000,-24.8,1.09,0,0,2
228,15,-3.1,16,2.2,2000,-25.4,0.9,0,0,2
269,16,-3.2,23,2.7,2000,-21.4,0.57,0,0,2
314,17,-4.2,26,2.2,2000,-20.8,0.2,0,0,2
466,18,-5.2,32,2.2,2000,-19.3,0,0,0,2
315,19,-5.5,31,2.1,2000,-19.9,0,0,0,2
262,20,-5.9,34,0.9,2000,-19.2,0,0,0,2
242,21,-6.4,34,1.2,2000,-19.7,0,0,0,2
243,22,-6.4,36,1.3,2000,-19,0,0,0,2
216,23,-6.3,39,0.9,2000,-18,0,0,0,2
164,0,-6.5,41,1.7,2000,-17.6,0,0,0,2
169,1,-6.6,39,1.4,2000,-18.2,0,0,0,2
163,2,-6.6,34,1.8,2000,-19.8,0,0,0,2
86,3,-6,32,2.5,2000,-20,0,0,0,2
50,4,-5.8,32,1.6,2000,-19.8,0,0,0,2
61,5,-5.7,28,1.2,2000,-21.3,0,0,0,2
103,6,-5.5,24,0.5,2000,-22.9,0,0,0,2
257,7,-5,31,0.5,2000,-19.5,0,0,0,2
554,8,-4.7,30,0.6,2000,-19.6,0,0,0,2
326,9,-4.3,38,0.7,1877,-16.5,0.04,0,0,2
225,10,-3.4,33,1.3,1863,-17.4,0.33,0,0,2
288,11,-2.1,34,1,1868,-15.8,0.65,0,0,2
286,12,-0.8,38,1,1686,-13.3,0.75,0,0,2
301,13,0.8,46,1.4,1598,-9.5,0.8,0,0,2
311,14,0.8,55,1.8,1132,-7.2,0.59,0,0,2
303,15,0.4,57,2.4,1179,-7.1,0.36,0,0,2
390,16,0.3,57,2.3,1204,-7.2,0.19,0,0,2
407,17,0.2,58,2,1159,-7.1,0.08,0,0,2
552,18,-0.6,62,1.6,1129,-6.9,0,0,0,2
402,19,-0.4,62,0.9,1103,-6.8,0,0,0,2
319,20,-0.3,62,1.3,1040,-6.7,0,0,0,2
332,21,-0.2,62,0.6,986,-6.6,0,0,0,2
285,22,0,63,1.3,968,-6.2,0,0,0,2
260,23,0.1,63,1.1,1003,-6.1,0,0,0,2
233,0,0.2,63,0.7,925,-6,0,0,0,2
269,1,0.3,63,0.7,760,-5.9,0,0,0,2
210,2,0.5,63,1,691,-5.7,0,0,0,2
135,3,0.6,64,0.4,731,-5.4,0,0,0,2
85,4,0.6,65,0.4,712,-5.2,0,0,0,2
67,5,0.7,66,0.7,687,-4.9,0,0,0,2
128,6,0.8,68,0.6,673,-4.4,0,0,0,2
289,7,0.9,67,0.6,658,-4.5,0,0,0,2
636,8,1,68,0.6,624,-4.2,0,0,0,2
353,9,1.2,67,0.2,591,-4.2,0.06,0,0,2
252,10,1.9,65,0.3,562,-3.9,0.17,0,0,2
317,11,3.1,62,1.1,517,-3.4,0.29,0,0,2
363,12,4.3,62,1.6,472,-2.3,0.52,0,0,2
370,13,5.2,58,2.5,435,-2.4,0.81,0,0,2
419,14,5.7,54,3.5,418,-2.9,0.83,0,0,2
426,15,5.7,53,2.7,408,-3.1,0.65,0,0,2
504,16,5.4,56,2.2,396,-2.6,0.39,0,0,2
534,17,4.5,59,1.6,384,-2.8,0.14,0,0,2
574,18,3.6,62,1.4,389,-3,0.01,0,0,2
395,19,2.7,68,1.2,348,-2.6,0,0,0,2
292,20,1.7,73,0.5,332,-2.6,0,0,0,2
282,21,1,77,1.5,297,-2.5,0,0,0,2
294,22,0.8,77,1.4,293,-2.7,0,0,0,2
236,23,0.3,80,0.8,264,-2.7,0,0,0,2
240,0,-0.4,83,1.2,247,-2.9,0,0,0,2
234,1,-0.5,83,0.7,244,-3,0,0,0,2
192,2,-0.9,84,0.6,230,-3.2,0,0,0,2
127,3,-1.1,83,0.8,237,-3.6,0,0,0,2
86,4,-1.1,83,0.7,242,-3.6,0,0,0,2
52,5,-1.2,81,0.8,258,-4,0,0,0,2
62,6,-1.1,81,1,253,-3.9,0,0,0,2
88,7,-0.7,79,0.7,259,-3.8,0,0,0,2
162,8,-0.4,78,0.5,249,-3.7,0,0,0,2
224,9,0.2,76,1.3,249,-3.5,0.03,0,0,2
208,10,0.8,73,0.5,248,-3.4,0.15,0,0,2
237,11,2,69,1,257,-3.1,0.32,0,0,2
274,12,3.2,64,0.8,258,-2.9,0.47,0,0,2
333,13,4,62,1,256,-2.6,0.51,0,0,2
356,14,4.3,60,1.2,272,-2.7,0.4,0,0,2
337,15,4.3,61,0.7,274,-2.5,0.23,0,0,2
345,16,4.1,63,0.7,263,-2.3,0.13,0,0,2
183,17,3.8,64,0.9,250,-2.3,0.01,0,0,2
45,18,3,84,1.7,137,0.5,0,0.3,0,2
40,19,2.3,89,0.6,96,0.6,0,0,0,2
66,20,1.9,90,0.9,88,0.4,0,0,0,2
64,21,1.8,92,1.1,109,0.6,0,0.2,0,2
30,22,1.8,92,1.2,94,0.6,0,0,0,2
42,23,1.4,92,1.9,73,0.2,0,0,0,2
43,0,0.9,95,1.8,63,0.1,0,0.2,0.2,1
43,1,0.5,95,2.1,79,-0.2,0,0,0.6,1
65,2,0.4,95,1.7,110,-0.3,0,0,1.2,1
65,3,0.3,91,2,172,-1,0,1,1.2,1
32,4,-0.2,87,3.5,246,-2.1,0,0,1.2,1
22,5,-0.8,85,2.8,329,-3,0,0,1.2,1
25,6,-1.3,84,2.4,425,-3.6,0,0,1.2,1
39,7,-1.8,86,1.7,367,-3.8,0,0,1.2,1
84,8,-2.1,86,1.4,354,-4.1,0,0,1.2,1
103,9,-1.9,82,1.6,410,-4.5,0.15,0,1.2,1
110,10,-0.5,73,1.7,609,-4.7,0.53,0,1.1,1
142,11,0.8,62,2.8,801,-5.6,0.88,0,1.1,1
209,12,1.4,47,4.5,1388,-8.7,1.1,0,1,1
267,13,2.5,36,3.7,1578,-11,1.15,0,0.7,1
262,14,3,28,3.8,1956,-13.7,1.1,0,0,1
300,15,3.1,25,3.9,2000,-15,0.9,0,0,1
272,16,2.7,26,2.7,2000,-14.9,0.59,0,0,1
240,17,1.7,30,2.9,2000,-14,0.22,0,0,1
215,18,0.7,31,2.3,2000,-14.5,0.01,0,0,1
163,19,0,31,2.2,2000,-15.1,0,0,0,1
161,20,-1,32,0.9,2000,-15.6,0,0,0,1
179,21,-1.6,35,1,2000,-15.1,0,0,0,1
155,22,-2.1,36,1.7,2000,-15.2,0,0,0,1
227,23,-2.6,40,0.6,2000,-14.3,0,0,0,1
206,0,-3.2,40,0.5,1358,-14.9,0,0,0,1
230,1,-3.3,41,0.7,2000,-14.7,0,0,0,1
178,2,-3.7,42,0.9,2000,-14.7,0,0,0,1
119,3,-4,44,1,2000,-14.4,0,0,0,1
62,4,-4.2,53,1.1,1994,-12.3,0,0,0,1
61,5,-4.4,54,0.8,1786,-12.3,0,0,0,1
65,6,-4.5,51,1.1,2000,-13.1,0,0,0,1
81,7,-4.7,56,1.1,2000,-12.1,0,0,0,1
89,8,-5,55,1,2000,-12.6,0,0,0,1
121,9,-4.3,39,0.7,1973,-16.2,0.15,0,0,1
139,10,-1.6,32,0.8,1766,-16.1,0.53,0,0,1
169,11,0.1,27,2.2,1874,-16.7,0.84,0,0,1
225,12,1.5,20,2.8,1992,-19,1.03,0,0,1
248,13,2.4,22,2.3,1921,-17.2,1.1,0,0,1
298,14,3.7,24,2.1,1906,-15,1.01,0,0,1
344,15,3,27,2.9,1715,-14.2,0.78,0,0,1
310,16,3,28,2.5,1864,-13.7,0.51,0,0,1
271,17,1.8,33,3.3,1913,-12.8,0.18,0,0,1
218,18,0.8,34,1.9,1887,-13.3,0.01,0,0,1
125,19,-0.1,39,1.3,1911,-12.4,0,0,0,1
206,20,-0.3,40,1.2,1936,-12.2,0,0,0,1
203,21,-0.9,44,1.2,1871,-11.6,0,0,0,1
168,22,-1.3,48,0.8,1927,-10.9,0,0,0,1
154,23,-1.6,51,0.7,1882,-10.4,0,0,0,1
148,0,-1.8,54,1.1,1772,-9.8,0,0,0,2
108,1,-2.1,56,0.8,1732,-9.7,0,0,0,2
69,2,-2.3,62,0.9,1560,-8.6,0,0,0,2
41,3,-2.5,62,0.4,1626,-8.7,0,0,0,2
31,4,-2.7,67,0.5,1302,-7.9,0,0,0,2
58,5,-3.1,67,0.6,1384,-8.3,0,0,0,2
139,6,-3.2,67,0.4,1409,-8.4,0,0,0,2
344,7,-3.2,69,0.5,1249,-8,0,0,0,2
655,8,-3.4,71,0.8,1179,-7.9,0,0,0,2
315,9,-3.1,66,0.2,1168,-8.5,0.12,0,0,2
208,10,-1.4,50,1.9,1355,-10.5,0.38,0,0,2
269,11,-0.4,40,2.3,1633,-12.3,0.66,0,0,2
293,12,0.9,29,1.9,1761,-15.1,0.88,0,0,2
273,13,1.5,23,3.6,1970,-17.4,0.95,0,0,2
302,14,1.7,20,4.4,1995,-18.9,0.91,0,0,2
295,15,1.5,22,3,1998,-17.9,0.76,0,0,2
320,16,1.3,23,2.9,2000,-17.6,0.51,0,0,2
373,17,0.3,27,2.6,2000,-16.5,0.18,0,0,2
675,18,-0.8,24,2.3,2000,-18.9,0.01,0,0,2
403,19,-1.3,28,2.4,2000,-17.5,0,0,0,2
364,20,-1.9,26,2.2,2000,-18.9,0,0,0,2
304,21,-2.6,28,2,2000,-18.6,0,0,0,2
273,22,-3.4,33,2.4,2000,-17.4,0,0,0,2
186,23,-3.8,35,2.3,2000,-17,0,0,0,2
160,0,-4.3,38,1.4,2000,-16.5,0,0,0,2
130,1,-5,42,1.2,1993,-15.9,0,0,0,2
110,2,-5.5,43,2,2000,-16.1,0,0,0,2
67,3,-6.1,45,1.3,1999,-16.1,0,0,0,2
43,4,-6.1,45,2.3,2000,-16.1,0,0,0,2
67,5,-6.4,47,2.4,1981,-15.8,0,0,0,2
137,6,-6.7,48,2.4,1991,-15.9,0,0,0,2
308,7,-6.9,48,2.4,1974,-16,0,0,0,2
670,8,-7,49,1.5,1971,-15.9,0,0,0,2
342,9,-6.8,44,1.7,1858,-17,0.16,0,0,2
213,10,-5.6,38,2.9,1752,-17.6,0.55,0,0,2
267,11,-4.5,36,3.2,1736,-17.3,0.77,0,0,2
297,12,-3.4,32,3.1,1706,-17.7,1.02,0,0,2
279,13,-2.2,31,2.3,1910,-17,1.13,0,0,2
270,14,-1.5,30,2.8,1903,-16.8,1.1,0,0,2
286,15,-1.1,29,2.8,1976,-16.9,0.96,0,0,2
299,16,-0.4,30,2,2000,-15.9,0.62,0,0,2
382,17,-1.9,35,1.8,2000,-15.3,0.25,0,0,2
637,18,-3.1,39,2.1,2000,-15.1,0,0,0,2
431,19,-3.7,41,2,2000,-15,0,0,0,2
294,20,-3.9,44,2.5,2000,-14.3,0,0,0,2
335,21,-4.3,47,2.8,1997,-13.9,0,0,0,2
291,22,-5.2,53,1.3,1969,-13.3,0,0,0,2
197,23,-5.9,54,0.8,1968,-13.7,0,0,0,2
159,0,-6.3,54,1.4,1990,-14.1,0,0,0,2
150,1,-6.9,56,2.3,1994,-14.2,0,0,0,2
123,2,-7.3,57,2,1978,-14.3,0,0,0,2
57,3,-7.4,54,1.7,1968,-15.1,0,0,0,2
38,4,-7.5,55,1.3,1984,-15,0,0,0,2
66,5,-7.6,49,1.3,2000,-16.4,0,0,0,2
120,6,-7.6,47,2.3,2000,-16.9,0,0,0,2
302,7,-8.1,51,0.5,1987,-16.4,0,0,0,2
646,8,-8.6,55,0.6,1984,-16,0,0,0,2
340,9,-7.9,48,1.2,1926,-17,0.14,0,0,2
197,10,-6.4,43,1,1872,-16.9,0.43,0,0,2
264,11,-4.4,40,0.8,1671,-16,0.69,0,0,2
290,12,-2.9,33,0.9,1813,-16.9,0.92,0,0,2
284,13,-2,32,1,1864,-16.5,0.91,0,0,2
262,14,-0.8,32,1.4,1846,-15.4,0.78,0,0,2
281,15,-1.2,31,0.8,1732,-16.2,0.47,0,0,2
309,16,-1.4,34,1.8,1719,-15.2,0.3,0,0,2
397,17,-2.1,37,1.4,1591,-14.8,0.09,0,0,2
603,18,-2.6,38,1.4,1604,-14.9,0,0,0,2
417,19,-2.7,39,1.4,1616,-14.7,0,0,0,2
311,20,-2.8,39,1.7,1702,-14.8,0,0,0,2
310,21,-3.1,41,2,1742,-14.5,0,0,0,2
306,22,-3.6,46,1.3,1689,-13.5,0,0,0,2
221,23,-4,48,1.5,1536,-13.4,0,0,0,2
202,0,-4.7,52,1.8,1611,-13,0,0,0,2
170,1,-5.1,51,1.5,1550,-13.6,0,0,0,2
118,2,-5.3,52,1.6,1481,-13.6,0,0,0,2
67,3,-5.5,56,1.1,1453,-12.9,0,0,0,2
47,4,-5.1,55,1.7,1266,-12.7,0,0,0,2
75,5,-5.1,55,1.5,1452,-12.7,0,0,0,2
123,6,-5.1,54,1.3,1346,-12.9,0,0,0,2
327,7,-5.3,53,1.1,1300,-13.4,0,0,0,2
665,8,-5.3,51,1,1319,-13.8,0,0,0,2
354,9,-4.7,49,1.2,1550,-13.8,0.12,0,0,2
232,10,-3.3,50,1.3,1407,-12.2,0.4,0,0,2
308,11,-0.7,45,1.5,1429,-11.1,0.76,0,0,2
362,12,-0.3,45,2.2,1066,-10.8,1.01,0,0,2
312,13,0.9,43,2,1112,-10.2,0.98,0,0,2
343,14,1.4,41,2,1003,-10.4,0.99,0,0,2
333,15,1.5,34,2.8,1776,-12.6,0.84,0,0,2
329,16,1,34,2.9,2000,-13.1,0.61,0,0,2
446,17,-0.6,45,3.3,1827,-11,0.24,0,0,2
635,18,-1.8,44,2.2,1709,-12.4,0.01,0,0,2
443,19,-2.5,49,0.6,1436,-11.7,0,0,0,2
322,20,-3.4,51,1.1,1391,-12.1,0,0,0,2
284,21,-3.5,53,0.9,1353,-11.7,0,0,0,2
281,22,-3.8,53,1.3,1300,-12,0,0,0,2
189,23,-3.6,50,1.9,1284,-12.5,0,0,0,2
184,0,-4.3,52,1.6,1247,-12.7,0,0,0,2
222,1,-4.8,54,1.2,1219,-12.7,0,0,0,2
176,2,-5.5,56,1.4,1285,-12.9,0,0,0,2
103,3,-5.6,56,1,1367,-13,0,0,0,2
61,4,-5.9,61,1.1,1260,-12.2,0,0,0,2
48,5,-6.1,64,1,1231,-11.8,0,0,0,2
69,6,-6.5,67,0.7,1175,-11.6,0,0,0,2
105,7,-6.6,65,1,1320,-12,0,0,0,2
186,8,-6.5,62,1.1,1503,-12.5,0,0,0,2
221,9,-5.8,49,1.4,1728,-14.8,0.16,0,0,2
204,10,-3.5,39,2,1946,-15.4,0.54,0,0,2
245,11,-1.6,35,2.1,1812,-15.1,0.87,0,0,2
283,12,0,35,2.3,1672,-13.6,1.07,0,0,2
356,13,0.9,28,2.4,1895,-15.6,1.18,0,0,2
370,14,1.8,29,2,1693,-14.3,1.14,0,0,2
373,15,2.3,27,2.2,1877,-14.8,0.92,0,0,2
352,16,2.7,27,2.2,1811,-14.4,0.64,0,0,2
354,17,1.1,31,1.7,1989,-14.1,0.26,0,0,2
271,18,-0.6,37,1.6,1797,-13.5,0.01,0,0,2
207,19,-1.2,37,1.2,1663,-14,0,0,0,2
189,20,-2.1,41,1.1,1578,-13.6,0,0,0,2
214,21,-2.5,47,0.8,1495,-12.2,0,0,0,2
218,22,-2.6,47,1.6,1492,-12.3,0,0,0,2
169,23,-3.2,50,0.8,1429,-12.1,0,0,0,2
192,0,-3.8,48,0.7,1574,-13.2,0,0,0,2
162,1,-3.9,51,0.2,1535,-12.5,0,0,0,2
128,2,-4.4,53,0.3,1594,-12.5,0,0,0,2
102,3,-4.8,56,0.6,1505,-12.2,0,0,0,2
62,4,-5.1,60,0.7,1377,-11.6,0,0,0,2
40,5,-5.6,58,0.7,1350,-12.5,0,0,0,2
38,6,-5.5,52,0.7,1503,-13.8,0,0,0,2
60,7,-5.6,58,0.9,1368,-12.5,0,0,0,2
122,8,-5.3,53,1.1,1411,-13.4,0,0,0,2
143,9,-3.8,49,1.6,1371,-12.9,0.18,0,0,2
179,10,-1.8,40,1.8,1555,-13.6,0.48,0,0,2
214,11,0.5,35,1.4,1558,-13.2,0.75,0,0,2
278,12,1.1,34,0.9,1455,-13,0.6,0,0,2
265,13,1.4,34,0.8,1394,-12.7,0.5,0,0,2
331,14,1.9,32,0.7,1368,-13,0.41,0,0,2
368,15,2.7,31,0.9,1603,-12.7,0.43,0,0,2
333,16,2.6,32,1,1381,-12.4,0.27,0,0,2
349,17,2.3,33,0.2,1515,-12.3,0.13,0,0,2
270,18,1.8,34,1.2,1518,-12.4,0,0,0,2
246,19,1.6,35,1,1419,-12.2,0,0,0,2
233,20,1.3,38,0.4,1386,-11.4,0,0,0,2
236,21,1.2,39,0.6,1378,-11.2,0,0,0,2
214,22,1.1,40,0.5,1305,-11,0,0,0,2
149,23,1.1,39,0.6,1422,-11.3,0,0,0,2
149,0,0.9,42,1.1,1271,-10.5,0,0,0,2
109,1,0.9,42,0.2,1333,-10.5,0,0,0,2
77,2,0.8,42,0.5,1275,-10.6,0,0,0,2
53,3,0.9,43,0.4,1261,-10.2,0,0,0,2
46,4,1,43,0.8,1253,-10.2,0,0,0,2
67,5,0.8,42,1,1394,-10.6,0,0,0,2
159,6,0.8,45,0.7,1268,-9.8,0,0,0,2
374,7,0.7,44,0.8,1357,-10.1,0,0,0,2
701,8,0.7,45,0.7,1339,-9.9,0,0,0,2
387,9,0.8,47,0.9,1070,-9.2,0.05,0,0,2
253,10,1.3,43,0.8,971,-9.9,0.16,0,0,2
278,11,1.7,37,0.6,1062,-11.4,0.23,0,0,2
356,12,2.7,33,2.7,1281,-12,0.6,0,0,2
303,13,3,32,1.6,1518,-12.1,0.38,0,0,2
349,14,3.4,31,1.4,1267,-12.1,0.36,0,0,2
318,15,3.9,33,1.8,1293,-10.9,0.39,0,0,2
353,16,3.5,36,1.7,1702,-10.2,0.16,0,0,2
385,17,2.7,50,2.8,1957,-6.7,0.06,0,0,2
316,18,1.5,70,2.5,638,-3.3,0,0,0,2
127,19,0.9,88,1.6,290,-0.8,0,0,0.5,2
144,20,1,89,1.9,407,-0.6,0,0,1,2
146,21,0.7,77,6.7,692,-2.8,0,0.9,1,2
149,22,0.1,68,4.6,740,-5.1,0,0,1,2
112,23,-0.6,62,4.2,936,-6.9,0,0,1,2
100,0,-1.2,67,4.6,983,-6.5,0,0,1,2
107,1,-1.9,69,5,791,-6.8,0,0,1,2
75,2,-2.9,66,3.3,1515,-8.3,0,0,1,2
52,3,-3.4,67,3.2,1420,-8.6,0,0,0.9,2
38,4,-4.3,59,4.4,1451,-11.1,0,0,0.9,2
52,5,-5.1,48,3.2,1821,-14.4,0,0,0.9,2
126,6,-5.6,52,3.7,1785,-13.9,0,0,0.9,2
245,7,-5.9,57,3.1,1686,-13,0,0,0.8,2
554,8,-6,64,3.2,1384,-11.7,0,0,0.7,2
320,9,-6,61,2.5,1547,-12.3,0.13,0,0.6,2
190,10,-4.8,57,3,1559,-12,0.47,0,0.5,2
247,11,-3.9,51,4.5,1746,-12.5,0.73,0,0.5,2
262,12,-2.7,45,2.4,1707,-13,1.05,0,0.4,2
265,13,-2.6,45,4,1663,-12.9,1.11,0,0.3,2
265,14,-1.8,45,3.7,1922,-12.1,1.06,0,0.2,2
257,15,-2.4,51,4.6,1458,-11.1,0.46,0,0,2
262,16,-2.4,56,3.3,1541,-9.9,0.35,0,0,2
332,17,-2.9,66,3.6,743,-8.3,0.23,0,0,2
558,18,-3.8,58,1.7,1996,-10.8,0.01,0,0,2
364,19,-4.5,57,0.6,2000,-11.7,0,0,0,2
302,20,-4.9,59,0.6,1992,-11.6,0,0,0,2
281,21,-4.8,59,0.9,2000,-11.6,0,0,0,2
166,22,-4.2,67,1.6,503,-9.4,0,0,0,2
80,23,-4.9,80,0.7,690,-7.8,0,0,0.2,2
61,0,-5.2,82,0.8,152,-7.7,0,0.5,0.5,2
78,1,-5.6,75,1.7,1982,-9.3,0,0,0.8,2
63,2,-5.7,72,1.2,1925,-9.9,0,0,0.8,2
40,3,-6.1,70,1.1,2000,-10.6,0,0.3,0.8,2
31,4,-6.6,72,2.2,2000,-10.8,0,0,0.8,2
39,5,-7.3,75,1.6,2000,-10.9,0,0,0.8,2
84,6,-7.7,74,1.1,2000,-11.5,0,0,0.8,2
158,7,-8,70,1.8,2000,-12.5,0,0,0.7,2
387,8,-7.9,67,2.6,1896,-12.9,0,0,0.7,2
225,9,-7.7,62,3.6,1637,-13.7,0.13,0,0.7,2
150,10,-6.9,53,3.2,1576,-14.8,0.52,0,0.6,2
168,11,-6.4,49,4.5,1759,-15.3,0.86,0,0.5,2
217,12,-5.6,44,4.5,1830,-15.9,1.1,0,0.5,2
207,13,-5.1,43,4.7,1901,-15.7,1.18,0,0.4,2
177,14,-5.3,37,5.3,2000,-17.7,1.05,0,0.3,2
193,15,-5.3,33,4.8,2000,-19,0.99,0,0.3,2
196,16,-5.4,30,3.9,2000,-20.2,0.69,0,0.2,2
266,17,-6.5,34,4,2000,-19.8,0.31,0,0,2
437,18,-7.8,32,4.5,2000,-21.6,0.02,0,0,2
259,19,-8.5,35,2.9,2000,-21.2,0,0,0,2
207,20,-8.9,41,2.3,2000,-19.7,0,0,0,2
214,21,-9.4,47,2,2000,-18.6,0,0,0,2
165,22,-9.7,51,2.8,2000,-17.9,0,0,0,2
139,23,-10.2,53,3.3,1997,-17.9,0,0,0,2
98,0,-10.3,54,2.4,1988,-17.8,0,0,0,2
100,1,-10.6,55,2.9,1987,-17.9,0,0,0,2
89,2,-10.9,57,2.7,1900,-17.7,0,0,0,2
38,3,-11.2,59,2.9,1872,-17.6,0,0,0,2
33,4,-11.5,57,2.3,1899,-18.3,0,0,0,2
42,5,-11.9,61,1.8,1759,-17.9,0,0,0,2
82,6,-12,61,2.3,1709,-18,0,0,0,2
203,7,-12.3,59,2.3,1738,-18.6,0,0,0,2
443,8,-12.6,61,1.6,1610,-18.5,0,0,0,2
227,9,-12,53,2.6,1781,-19.6,0.16,0,0,2
152,10,-11.1,46,3.7,1638,-20.4,0.48,0,0,2
146,11,-10.2,41,3.5,1629,-20.9,0.84,0,0,2
187,12,-8.6,40,2.6,1700,-19.8,1.11,0,0,2
178,13,-8.6,41,3.4,1593,-19.5,1.2,0,0,2
187,14,-7.4,38,3.3,1718,-19.3,1.15,0,0,2
181,15,-8.3,42,3.8,1745,-18.9,0.93,0,0,2
179,16,-8.2,39,2.8,1807,-19.7,0.63,0,0,2
219,17,-9.3,43,2.8,1900,-19.6,0.28,0,0,2
352,18,-10.4,43,2.3,1985,-20.6,0.02,0,0,2
251,19,-10.9,44,3,2000,-20.7,0,0,0,2
177,20,-11.6,49,1.8,1953,-20.1,0,0,0,2
162,21,-12.4,51,2.2,1992,-20.4,0,0,0,2
172,22,-12.9,52,2.8,2000,-20.7,0,0,0,2
119,23,-13.2,51,1.5,1972,-21.2,0,0,0,2
105,0,-13.6,49,1.6,2000,-22,0,0,0,2
99,1,-13.7,47,3,2000,-22.6,0,0,0,2
83,2,-13.8,43,2.6,2000,-23.7,0,0,0,2
42,3,-14.1,45,1.8,2000,-23.4,0,0,0,2
30,4,-14.3,45,2,2000,-23.6,0,0,0,2
35,5,-14.6,45,1.1,2000,-23.9,0,0,0,2
92,6,-14.9,45,2.3,2000,-24.2,0,0,0,2
189,7,-15.1,45,0.9,2000,-24.4,0,0,0,2
419,8,-15.1,44,1.2,2000,-24.6,0,0,0,2
196,9,-14.9,40,1.2,1999,-25.5,0.16,0,0,2
119,10,-13,37,2.2,1960,-24.6,0.59,0,0,2
140,11,-11.2,31,2.4,1944,-25,0.94,0,0,2
178,12,-9.6,27,2,1945,-25.1,1.17,0,0,2
177,13,-8.2,29,2,1920,-23.1,1.19,0,0,2
173,14,-7.2,28,2.3,1990,-22.6,1.14,0,0,2
177,15,-6.5,26,2.4,1987,-22.8,0.96,0,0,2
196,16,-5.8,21,1.1,2000,-24.6,0.66,0,0,2
259,17,-6.5,22,1.5,2000,-24.7,0.28,0,0,2
405,18,-7.5,28,2,2000,-22.9,0.02,0,0,2
273,19,-8.2,32,1.1,2000,-22,0,0,0,2
210,20,-7.9,31,1.4,2000,-22.1,0,0,0,2
184,21,-7.4,33,1.4,2000,-20.9,0,0,0,2
186,22,-6.9,39,1.6,2000,-18.5,0,0,0,2
144,23,-6.7,36,1.3,1821,-19.3,0,0,0,2
152,0,-6.6,39,1.6,1930,-18.2,0,0,0,2
168,1,-6.5,45,0.5,1964,-16.4,0,0,0,2
145,2,-6.4,40,0.9,2000,-17.8,0,0,0,2
77,3,-6.5,42,0.7,1996,-17.3,0,0,0,2
47,4,-6.4,46,0.8,1993,-16.1,0,0,0,2
40,5,-6.3,51,0.8,2000,-14.8,0,0,0,2
42,6,-6.4,59,0.6,887,-13.1,0,0,0,2
43,7,-6.5,68,0.6,571,-11.4,0,0,0,2
67,8,-6.5,72,0.8,670,-10.7,0,0,0.2,2
102,9,-6.3,76,0.6,330,-9.8,0.05,0.2,0.4,2
106,10,-5.5,72,0.7,1354,-9.7,0.29,0,0.6,2
133,11,-4.8,70,1,1244,-9.4,0.21,0,0.6,2
174,12,-3.7,66,1.1,1140,-9.1,0.45,0.2,0.4,2
212,13,-2.5,62,1.4,1087,-8.7,0.66,0,0,2
215,14,-1.8,62,0.7,936,-8.1,0.55,0,0,2
251,15,-1.5,62,0.9,957,-7.8,0.28,0,0,2
249,16,-1.2,63,0.9,876,-7.3,0.19,0,0,2
277,17,-1.4,68,1,761,-6.5,0.11,0,0,2
223,18,-2.6,73,1,684,-6.7,0.01,0,0,2
167,19,-3.3,76,0.8,633,-6.9,0,0,0,2
158,20,-3.9,78,1.1,596,-7.1,0,0,0,2
156,21,-4.1,79,0.7,522,-7.2,0,0,0,2
168,22,-4.3,81,0.4,435,-7,0,0,0,2
131,23,-4.4,81,0.7,420,-7.1,0,0,0,2
149,0,-4.4,81,0.7,414,-7.1,0,0,0,2
150,1,-3.7,79,0.9,438,-6.8,0,0,0,2
111,2,-3.5,78,1,444,-6.7,0,0,0,2
79,3,-3.6,78,1.6,471,-6.8,0,0,0,2
48,4,-4,79,1.2,453,-7.1,0,0,0,2
29,5,-4.2,79,1.2,442,-7.3,0,0,0,2
49,6,-4.3,79,1.1,433,-7.4,0,0,0,2
59,7,-4.4,80,1.4,411,-7.3,0,0,0,2
81,8,-3.8,79,0.8,412,-6.9,0,0,0,2
118,9,-3.4,77,1.6,432,-6.8,0.12,0,0,2
134,10,-2.1,72,1.7,489,-6.4,0.34,0,0,2
174,11,-0.5,64,0.7,537,-6.4,0.49,0,0,2
226,12,1.2,58,0.8,550,-6.1,0.74,0,0,2
272,13,3,52,1.4,568,-5.9,0.9,0,0,2
304,14,3.7,53,0.6,592,-5,0.74,0,0,2
353,15,4.6,50,0.9,824,-4.9,0.62,0,0,2
366,16,5.3,49,1.8,982,-4.5,0.43,0,0,2
302,17,4.5,51,1.1,1244,-4.7,0.17,0,0,2
250,18,4.1,53,1.3,1132,-4.6,0,0,0,2
208,19,3.9,54,1.1,1102,-4.5,0,0,0,2
210,20,3.5,55,1,1100,-4.7,0,0,0,2
213,21,3.1,58,0.4,936,-4.3,0,0,0,2
196,22,2.8,60,0.6,829,-4.2,0,0,0,2
144,23,2.7,60,0.6,794,-4.3,0,0,0,2
171,0,3,60,0.5,842,-4,0,0,0,2
122,1,3,62,0.9,835,-3.5,0,0,0,2
74,2,3.6,65,0.9,959,-2.3,0,0,0,2
58,3,4.4,70,1.7,928,-0.6,0,0,0,2
38,4,4.9,73,1.8,881,0.4,0,0,0,2
55,5,5,76,1.9,808,1.1,0,0,0,2
82,6,4.9,83,3,582,2.2,0,0,0,2
209,7,4.4,87,1,357,2.4,0,0,0,2
444,8,4.1,85,1.1,470,1.7,0,0,0,2
303,9,3.9,86,1.7,399,1.7,0.11,0.2,0,2
212,10,4.2,82,2.2,560,1.3,0.22,0,0,2
254,11,4.7,75,2.3,533,0.6,0.54,0,0,2
311,12,6.2,64,1.9,549,-0.1,0.79,0,0,2
309,13,6.1,61,2.3,534,-0.8,0.91,0,0,2
306,14,7.1,52,2.1,646,-2.1,0.76,0,0,2
349,15,7.4,38,1.7,817,-6,0.63,0,0,2
365,16,7.5,37,0.9,813,-6.2,0.48,0,0,2
455,17,6.5,40,0.8,804,-6.1,0.23,0,0,2
555,18,5.2,44,1.3,647,-6,0,0,0,2
444,19,4.4,53,1.2,538,-4.3,0,0,0,2
321,20,3.7,58,1.3,474,-3.8,0,0,0,2
334,21,3.4,59,0.8,471,-3.8,0,0,0,2
333,22,3,61,1.6,460,-3.8,0,0,0,2
230,23,2.4,63,0.6,443,-3.9,0,0,0,2
212,0,1.8,67,1.2,387,-3.6,0,0,0,2
207,1,1.2,64,0.7,455,-4.8,0,0,0,2
141,2,0.5,72,0.7,385,-3.9,0,0,0,2
81,3,0.3,70,0.6,438,-4.5,0,0,0,2
51,4,0.8,65,0.7,502,-5,0,0,0,2
58,5,1.1,64,0.5,505,-4.9,0,0,0,2
140,6,1.2,69,0.6,436,-3.8,0,0,0,2
318,7,1.1,69,0.6,418,-3.9,0,0,0,2
650,8,1.2,68,0.6,411,-4,0,0,0,2
376,9,1.9,65,0.8,402,-3.9,0.06,0,0,2
221,10,2.7,60,0.5,392,-4.3,0.18,0,0,2
256,11,3.9,57,0.8,363,-3.8,0.28,0,0,2
276,12,5.2,52,1.2,349,-3.8,0.45,0,0,2
296,13,5.8,47,0.8,382,-4.6,0.53,0,0,2
276,14,6.5,43,0.8,468,-5.2,0.52,0,0,2
250,15,6.3,40,0.3,498,-6.3,0.19,0,0,2
277,16,5.8,50,0.9,547,-3.8,0.11,0,0,2
381,17,5.2,58,0.8,462,-2.4,0.08,0,0,2
592,18,4.9,59,1.4,427,-2.4,0,0,0,2
409,19,4.6,57,1,432,-3.2,0,0,0,2
332,20,4.5,58,0.8,383,-3,0,0,0,2
342,21,4.3,56,0.7,434,-3.7,0,0,0,2
321,22,4,57,0.3,430,-3.7,0,0,0,2
242,23,3.9,60,0.9,379,-3.1,0,0,0,2
204,0,3.5,62,0.4,382,-3.1,0,0,0,2
183,1,3.3,64,0.4,339,-2.8,0,0,0,2
140,2,3.1,65,0.8,310,-2.8,0,0,0,2
75,3,3,67,0.8,297,-2.5,0,0,0,2
55,4,3,68,0.5,322,-2.3,0,0,0,2
72,5,2.9,66,0.8,325,-2.8,0,0,0,2
115,6,2.7,71,1.1,270,-2,0,0,0,2
272,7,2.5,71,0.9,289,-2.2,0,0,0,2
537,8,2.6,70,0.6,296,-2.3,0,0,0,2
337,9,3,66,0.7,306,-2.7,0.12,0,0,2
212,10,4.3,58,0.5,401,-3.2,0.23,0,0,2
270,11,6,51,1,436,-3.3,0.55,0,0,2
310,12,8.1,51,1.4,367,-1.4,0.75,0,0,2
273,13,8,54,1.8,435,-0.7,0.57,0,0,2
258,14,7.7,54,2.6,313,-1,0.58,0,0,2
278,15,8.5,49,1.3,400,-1.6,0.73,0,0,2
314,16,8.3,54,1.2,330,-0.4,0.44,0,0,2
380,17,7.2,57,3.3,342,-0.7,0.19,0,0,2
501,18,5.2,62,2.9,503,-1.5,0.01,0,0,2
360,19,4.2,68,2.4,446,-1.1,0,0,0,2
286,20,3.5,72,1.7,361,-1,0,0,0,2
320,21,3.1,74,1.1,333,-1,0,0,0,2
313,22,2.8,74,0.5,309,-1.3,0,0,0,2
227,23,2.7,74,0.8,291,-1.4,0,0,0,2
215,0,2.7,73,1,290,-1.6,0,0,0,2
190,1,3.2,72,1.9,306,-1.3,0,0,0,2
137,2,3.3,73,1.2,288,-1,0,0,0,2
95,3,3.6,74,1.7,273,-0.6,0,0,0,2
50,4,3.3,80,2.1,232,0.1,0,0,0,2
68,5,2.6,82,2,229,-0.1,0,0,0,2
107,6,2.2,82,2,211,-0.5,0,0,0,2
279,7,1.5,86,1.1,189,-0.5,0,0,0,2
537,8,1.1,86,1.2,197,-0.9,0,0,0,2
305,9,1.2,84,2.1,210,-1.2,0.07,0,0,2
188,10,1.4,81,2.1,255,-1.5,0.21,0,0,2
261,11,1.8,75,1.8,301,-2.1,0.35,0,0,2
267,12,2.5,72,2.4,256,-2,0,0,0,2
307,13,3.5,54,3.2,463,-4.9,0.68,0,0,2
301,14,4.4,42,2.3,719,-7.4,0.72,0,0,2
269,15,4.2,36,2.3,957,-9.5,0.57,0,0,2
328,16,3.6,42,2.4,883,-8.1,0.29,0,0,2
416,17,2.8,46,2.1,858,-7.6,0.14,0,0,2
506,18,2,39,2.1,1259,-10.5,0.01,0,0,2
365,19,1.5,41,1,1210,-10.3,0,0,0,2
303,20,1.1,44,1.2,1171,-9.8,0,0,0,2
339,21,0.8,45,1.5,1184,-9.8,0,0,0,2
318,22,0.7,45,2,1084,-9.9,0,0,0,2
232,23,0.6,47,2.3,1046,-9.4,0,0,0,2
211,0,0.3,45,1.8,1154,-10.2,0,0,0,2
207,1,0,43,1.7,1250,-11.1,0,0,0,2
140,2,-0.3,44,1.7,1295,-11.1,0,0,0,2
93,3,-0.6,43,1.7,1316,-11.6,0,0,0,2
58,4,-0.7,45,1.4,1241,-11.1,0,0,0,2
61,5,-1.4,47,1.4,1301,-11.2,0,0,0,2
151,6,-1.8,49,1.4,1359,-11.1,0,0,0,2
334,7,-2,49,1.9,1281,-11.3,0,0,0,2
648,8,-2.5,50,1,1281,-11.5,0,0,0,2
387,9,-2.1,42,1.3,1519,-13.3,0.17,0,0,2
255,10,0,29,1.3,1592,-15.9,0.52,0,0,2
283,11,2.2,20,0.6,1794,-18.5,0.83,0,0,2
341,12,4.3,28,1.5,1858,-12.6,0.98,0,0,2
341,13,4.7,26,2.6,1370,-13.2,1.11,0,0,2
349,14,4.7,24,3.6,1552,-14.2,1.08,0,0,2
381,15,5.4,25,2.4,1686,-13.1,0.9,0,0,2
390,16,4.9,27,2.8,1648,-12.5,0.65,0,0,2
468,17,4.1,34,3.1,1810,-10.3,0.28,0,0,2
702,18,2.9,45,1.6,1629,-7.8,0.04,0,0,2
471,19,2,48,1.8,1519,-7.8,0,0,0,2
342,20,1.2,51,0.6,1544,-7.8,0,0,0,2
331,21,0.5,52,0.8,1595,-8.2,0,0,0,2
292,22,0,56,0.8,1544,-7.7,0,0,0,2
236,23,-0.5,59,0.9,1487,-7.5,0,0,0,2
228,0,-0.6,60,0.6,1433,-7.4,0,0,0,2
258,1,-0.9,64,0.4,1273,-6.8,0,0,0,2
216,2,-0.9,65,0.6,1369,-6.6,0,0,0,2
118,3,-0.9,65,0.2,1359,-6.6,0,0,0,2
89,4,-0.7,65,0.6,1226,-6.4,0,0,0,2
56,5,-0.3,62,0.6,862,-6.7,0,0,0,2
50,6,-0.1,60,0.4,1080,-6.9,0,0,0,2
101,7,0.2,60,0.3,1145,-6.6,0,0,0,2
191,8,0.3,63,0.4,1140,-5.9,0,0,0,2
234,9,0.9,63,0.9,1090,-5.3,0.07,0,0,2
259,10,2.1,60,1.2,1005,-4.8,0.3,0,0,2
285,11,3.7,59,1.8,978,-3.5,0.51,0,0,2
325,12,5.3,55,2.6,904,-3,0.85,0,0,2
356,13,6.3,55,3,792,-2,0.85,0,0,2
334,14,5.9,61,3.2,623,-1,0.52,0,0,2
406,15,6.3,55,3,355,-2,0.68,0,0,2
352,16,6.6,42,3,355,-5.4,0.48,0,0,2
377,17,5.7,53,1.8,276,-3.1,0.22,0,0,2
283,18,4.6,55,3.2,232,-3.6,0.03,0,0,2
223,19,3.5,66,1.7,187,-2.2,0,0,0,2
219,20,2.9,66,1.2,173,-2.8,0,0,0,2
220,21,2.1,48,2.8,346,-7.7,0,0,0,2
232,22,1.5,48,2.4,422,-8.3,0,0,0,2
164,23,0.8,53,1.7,382,-7.7,0,0,0,2
196,0,-0.3,60,1.9,340,-7.1,0,0,0,2
177,1,-0.8,58,0.4,400,-8,0,0,0,2
107,2,-1.5,63,1,380,-7.6,0,0,0,2
107,3,-2,60,0.5,474,-8.7,0,0,0,2
73,4,-2.3,47,0.7,984,-12.1,0,0,0,2
32,5,-2.6,49,1.1,1065,-11.8,0,0,0,2
36,6,-3.1,54,1.4,1037,-11.1,0,0,0,2
61,7,-3.2,54,1.2,1113,-11.2,0,0,0,2
115,8,-3.6,53,0.5,1227,-11.8,0,0,0,2
152,9,-3.2,46,0.8,1091,-13.2,0.15,0,0,2
189,10,-1.3,37,0.8,1070,-14.1,0.47,0,0,2
216,11,1.9,25,1,1493,-16.1,0.78,0,0,2
271,12,3.9,30,1.6,1085,-12.1,0.91,0,0,2
343,13,4.9,22,2,1446,-15,1,0,0,2
340,14,5.4,18,1.2,1923,-17,0.96,0,0,2
389,15,5.4,20,2.2,1890,-15.8,0.8,0,0,2
396,16,4.7,17,2.1,2000,-18.3,0.55,0,0,2
383,17,3.8,20,1.3,2000,-17.1,0.24,0,0,2
295,18,2.5,24,2,2000,-16,0.02,0,0,2
223,19,1.3,25,1.3,2000,-16.6,0,0,0,2
258,20,0.3,27,0.4,2000,-16.5,0,0,0,2
237,21,-0.1,29,0.5,2000,-16,0,0,0,2
207,22,-0.3,32,0.7,2000,-15,0,0,0,2
170,23,-0.4,32,0.6,2000,-15.1,0,0,0,2
171,0,-0.2,30,0.4,2000,-15.7,0,0,0,2
97,1,-0.2,32,0.7,2000,-14.9,0,0,0,2
73,2,-0.2,33,1.4,2000,-14.5,0,0,0,2
53,3,-0.3,31,0.3,2000,-15.4,0,0,0,2
31,4,0,32,0.4,2000,-14.7,0,0,0,2
60,5,0,32,0.7,2000,-14.7,0,0,0,2
165,6,0,33,0.4,2000,-14.3,0,0,0,2
316,7,-0.4,34,1,1989,-14.3,0,0,0,2
683,8,-0.7,32,0.5,1991,-15.3,0,0,0,2
365,9,0.1,33,0.8,1901,-14.3,0.06,0,0,2
221,10,1.1,31,0.7,1898,-14.1,0.25,0,0,2
277,11,2.4,27,0.9,1796,-14.7,0.47,0,0,2
323,12,3.9,28,0.9,1383,-12.9,0.6,0,0,2
281,13,3.9,33,0.6,1249,-10.9,0.19,0,0,2
249,14,3.3,73,0.4,744,-1,0.11,0,0,2
63,15,3.6,69,1.8,655,-1.5,0.17,0,0,2
18,16,2,87,1.9,140,0,0.03,0,0,2
43,17,1.3,93,1.2,81,0.2,0.03,0,0.2,2
170,18,1.1,96,3,187,0.5,0,3.3,1,2
167,19,-0.1,88,3.2,582,-1.8,0,0,1,2
181,20,-0.8,85,2.9,836,-3,0,0,1,2
187,21,-1.8,85,2.9,590,-3.9,0,0,1,2
170,22,-3.2,81,3.9,492,-6,0,0,1,2
139,23,-4.2,79,2.9,554,-7.3,0,0,1,2
96,0,-5.3,77,3.8,894,-8.7,0,0,1,2
120,1,-6,76,3.1,1178,-9.5,0,0,1,2
75,2,-7.5,65,3.9,2000,-12.9,0,0,1,2
55,3,-8.6,68,3.3,2000,-13.4,0,0,1,2
45,4,-9.5,49,4.3,2000,-18.2,0,0,1,2
44,5,-10.5,46,3,2000,-19.9,0,0,1,2
84,6,-11.5,47,3.2,2000,-20.5,0,0,1,2
211,7,-12.5,41,4.5,2000,-23,0,0,1,2
423,8,-13,41,4,2000,-23.5,0,0,1,2
228,9,-13.3,36,3.5,2000,-25.2,0.19,0,1,2
132,10,-12.1,34,3.5,1968,-24.8,0.62,0,1,2
184,11,-11.7,27,4,1935,-26.9,0.94,0,1,2
180,12,-11.3,27,3.7,1955,-26.6,1.18,0,1,2
189,13,-11,27,4,1959,-26.3,1.26,0,1,2
169,14,-10.4,30,4.3,2000,-24.6,1.22,0,1,2
181,15,-9.7,32,3.6,2000,-23.3,1.04,0,1,2
181,16,-10.1,34,4.3,2000,-23,0.74,0,1,2
239,17,-10.6,38,3.5,2000,-22.2,0.38,0,0.9,2
351,18,-11.5,43,2.4,2000,-21.6,0.05,0,0.9,2
248,19,-12,47,3.2,2000,-21,0,0,0.9,2
178,20,-12.5,52,3,2000,-20.3,0,0,0.9,2
145,21,-13.2,49,4.1,2000,-21.6,0,0,0.9,2
117,22,-13.9,45,4,2000,-23.2,0,0,0.9,2
106,23,-14.3,38,4,2000,-25.5,0,0,0.9,2
90,0,-14.6,34,3.9,2000,-27,0,0,0.9,2
89,1,-15,31,2.5,2000,-28.3,0,0,0.9,2
50,2,-15.2,32,3.1,2000,-28.2,0,0,0.9,2
32,3,-15.2,30,3.4,2000,-28.9,0,0,0.9,2
24,4,-15.4,30,2.5,2000,-29.1,0,0,0.9,2
34,5,-15.6,29,3.7,2000,-29.6,0,0,0.9,2
71,6,-15.7,29,2.5,2000,-29.7,0,0,0.9,2
164,7,-15.9,30,3,2000,-29.5,0,0,0.9,2
364,8,-16.2,30,1.6,2000,-29.8,0,0,0.9,2
192,9,-15.8,27,3.4,2000,-30.5,0.2,0,0.9,2
90,10,-14.5,24,4.6,1902,-30.6,0.61,0,0.9,2
124,11,-13.1,25,3.8,1964,-29,0.96,0,0.9,2
121,12,-12.2,26,4,2000,-27.8,1.17,0,0.9,2
140,13,-12,25,6,1887,-28,1.27,0,0.9,2
125,14,-11.1,26,3.8,1980,-26.8,1.25,0,0.8,2
149,15,-10.8,29,3.8,2000,-25.4,1.06,0,0.7,2
124,16,-11.2,30,4.7,2000,-25.3,0.77,0,0.7,2
203,17,-11.8,26,3.5,2000,-27.4,0.39,0,0.7,2
297,18,-13,29,3.4,2000,-27.3,0.05,0,0.7,2
211,19,-13.8,32,2.2,2000,-26.9,0,0,0.7,2
125,20,-14.3,37,1.3,2000,-25.8,0,0,0.7,2
132,21,-14.7,40,3.2,1933,-25.3,0,0,0.7,2
121,22,-15.2,45,4,2000,-24.4,0,0,0.7,2
82,23,-15.7,43,3.6,2000,-25.4,0,0,0.7,2
78,0,-15.9,43,3.8,2000,-25.6,0,0,0.7,2
68,1,-16.1,42,2.2,2000,-26,0,0,0.7,2
60,2,-16,42,1.3,2000,-25.9,0,0,0.7,2
32,3,-16,40,1.9,2000,-26.5,0,0,0.7,2
22,4,-15.9,37,2.4,1985,-27.2,0,0,0.7,2
34,5,-15.8,37,2.7,2000,-27.1,0,0,0.7,2
71,6,-16.1,33,3,2000,-28.7,0,0,0.7,2
165,7,-16.2,33,2.2,2000,-28.7,0,0,0.7,2
349,8,-16.4,32,3.3,2000,-29.2,0.01,0,0.6,2
187,9,-16.2,33,2.9,2000,-28.7,0.19,0,0.6,2
105,10,-15.3,33,2.4,2000,-27.9,0.56,0,0.6,2
122,11,-13.8,25,3.5,1996,-29.6,0.91,0,0.6,2
142,12,-12.8,25,3.2,1981,-28.7,1.16,0,0.6,2
130,13,-11.4,27,3.9,2000,-26.7,1.26,0,0.6,2
160,14,-10.4,25,2.3,1981,-26.7,1.21,0,0.5,2
130,15,-9.7,28,3.7,2000,-24.8,1,0,0.5,2
152,16,-9.6,31,2.6,1973,-23.6,0.66,0,0.5,2
170,17,-10.9,32,4,2000,-24.4,0.28,0,0.5,2
288,18,-11.8,33,4,2000,-24.8,0.04,0,0.5,2
178,19,-12.7,33,3.7,2000,-25.6,0,0,0.5,2
141,20,-13.5,33,2.4,2000,-26.3,0,0,0.5,2
137,21,-14.1,35,2.2,2000,-26.2,0,0,0.5,2
113,22,-14.6,35,2.5,2000,-26.7,0,0,0.5,2
79,23,-14.9,35,2.8,2000,-26.9,0,0,0.5,2
68,0,-15.1,34,1.7,2000,-27.4,0,0,0.5,2
93,1,-15.3,34,1.7,2000,-27.6,0,0,0.5,2
54,2,-15.6,33,2.2,2000,-28.2,0,0,0.5,2
41,3,-15.9,34,2.9,2000,-28.2,0,0,0.5,2
24,4,-16.4,36,1.5,2000,-28,0,0,0.5,2
36,5,-16.9,38,2.3,2000,-27.9,0,0,0.5,2
64,6,-17.4,40,1.6,2000,-27.7,0,0,0.5,2
142,7,-17.5,38,3.4,2000,-28.4,0,0,0.5,2
322,8,-17.8,40,2.5,2000,-28.1,0,0,0.5,2
149,9,-17.5,37,3.8,1941,-28.7,0.21,0,0.5,2
96,10,-16.5,33,3.4,1703,-29,0.62,0,0.5,2
93,11,-15.6,31,3.3,1808,-28.9,0.93,0,0.5,2
111,12,-14.4,30,2.7,1906,-28.2,1.17,0,0.5,2
115,13,-13.3,28,2.7,1889,-27.9,1.26,0,0.5,2
116,14,-12.1,27,2.5,1879,-27.3,1.25,0,0.4,2
140,15,-11.4,27,3.3,1805,-26.7,0,0,0.4,2
147,16,-10.8,28,2.7,1778,-25.8,0.77,0,0.4,2
196,17,-11.5,31,3.3,1745,-25.2,0.41,0,0.3,2
305,18,-12.7,33,2.5,1835,-25.6,0.05,0,0.3,2
171,19,-13.2,33,2.4,1863,-26.1,0,0,0.3,2
121,20,-13.7,35,1.7,1878,-25.9,0,0,0.3,2
130,21,-14.1,36,1.8,1869,-25.9,0,0,0.3,2
108,22,-14.6,40,1.8,1746,-25.2,0,0,0.3,2
89,23,-14.4,38,2.7,1738,-25.6,0,0,0.3,2
80,0,-15,42,1.2,1766,-25,0,0,0.3,2
94,1,-15.1,43,0.8,1905,-24.9,0,0,0.3,2
75,2,-15.3,43,0.6,1867,-25,0,0,0.3,2
41,3,-15.3,43,0.8,1963,-25,0,0,0.3,2
36,4,-15.3,47,0.8,1868,-24,0,0,0.3,2
25,5,-15.4,45,0.8,2000,-24.6,0,0,0.3,2
33,6,-15.3,47,0.7,1921,-24,0,0,0.3,2
57,7,-15.7,53,1.3,1629,-23.1,0,0,0.3,2
84,8,-15.9,58,0.9,1369,-22.2,0,0,0.3,2
105,9,-15.1,49,1.1,1401,-23.4,0.2,0,0.3,2
96,10,-12.3,35,0.6,1497,-24.6,0.6,0,0.3,2
125,11,-9.6,33,1.1,1748,-22.9,0.9,0,0.3,2
145,12,-7.7,32,2.5,1763,-21.5,1.13,0,0.3,2
189,13,-6.6,27,2.1,1889,-22.5,1.24,0,0.3,2
193,14,-4.1,25,2,1730,-21.2,1.2,0,0.2,2
192,15,-3.7,26,2.2,1739,-20.4,1.04,0,0,2
195,16,-3.7,25,2.6,1839,-20.9,0.74,0,0,2
207,17,-4.6,26,1.9,2000,-21.2,0.39,0,0,2
162,18,-6.6,31,3,1988,-20.9,0.06,0,0,2
122,19,-7.1,33,2,1887,-20.6,0,0,0,2
117,20,-7.6,36,1.7,1858,-20.1,0,0,0,2
103,21,-7.9,35,2.6,1878,-20.7,0,0,0,2
114,22,-7.8,43,2.3,1804,-18.2,0,0,0,2
103,23,-7.6,42,1.2,1760,-18.3,0,0,0,2
125,0,-7.5,36,2.3,1972,-20,0,0,0,2
103,1,-7.5,45,2.4,1853,-17.4,0,0,0,2
72,2,-7.8,51,1.9,1627,-16.1,0,0,0,2
67,3,-7.7,49,1.8,1573,-16.5,0,0,0,2
38,4,-7.6,37,1.6,1966,-19.8,0,0,0,2
21,5,-7.5,33,1.5,2000,-21,0,0,0,2
30,6,-7.8,35,1.9,2000,-20.6,0,0,0,2
42,7,-8,39,1.9,2000,-19.5,0,0,0,2
72,8,-8.1,43,1.7,1943,-18.5,0,0,0,2
104,9,-7.8,41,1.8,1923,-18.7,0.17,0,0,2
111,10,-5.9,35,1.9,1940,-18.9,0.53,0,0,2
145,11,-4.6,27,2.6,1887,-20.8,0.85,0,0,2
189,12,-3.5,26,2.5,1756,-20.2,1.07,0,0,2
206,13,-2.4,22,2.5,1866,-21.2,1.16,0,0,2
225,14,-1.5,20,3,1992,-21.6,1.09,0,0,2
217,15,-1.9,23,4.3,2000,-20.3,0.7,0,0,2
187,16,-2.1,27,4,2000,-18.6,0.52,0,0,2
178,17,-3.8,32,5.2,2000,-18.1,0.25,0,0,2
157,18,-4.9,35,3.7,2000,-18,0.04,0,0,2
134,19,-6,31,3.6,2000,-20.4,0,0,0,2
113,20,-7,30,2.8,2000,-21.6,0,0,0,2
106,21,-7.3,34,3.5,2000,-20.5,0,0,0,2
105,22,-7.9,40,2.5,1997,-19.1,0,0,0,2
81,23,-8.7,42,2.1,1981,-19.3,0,0,0,2
80,0,-9.3,45,0.7,1976,-19,0,0,0,2
62,1,-9.8,47,1.3,1934,-19,0,0,0,2
49,2,-10.2,47,0.9,1808,-19.3,0,0,0,2
27,3,-9.8,43,2.8,1963,-20,0,0,0,2
26,4,-9.9,45,2.5,1967,-19.6,0,0,0,2
50,5,-10.4,47,1,1921,-19.5,0,0,0,2
94,6,-10.9,43,1,1967,-21,0,0,0,2
231,7,-11.1,37,1.6,2000,-22.9,0,0,0,2
450,8,-11.5,38,1,1998,-23,0.01,0,0,2
217,9,-10.8,34,2.9,1975,-23.6,0.17,0,0,2
135,10,-9.5,28,3.7,1893,-24.6,0.59,0,0,2
166,11,-8.1,24,3.6,1761,-25.1,0.91,0,0,2
186,12,-7.3,23,3.8,1903,-24.9,1.17,0,0,2
166,13,-6.9,23,4.6,1963,-24.6,1.28,0,0,2
168,14,-5.7,23,4.5,1956,-23.5,1.25,0,0,2
177,15,-5.2,27,4.5,1927,-21.3,1.06,0,0,2
195,16,-5.5,28,4.3,1926,-21.1,0.78,0,0,2
239,17,-5.7,30,3.6,1978,-20.5,0.4,0,0,2
438,18,-6.6,34,2.5,2000,-19.8,0.06,0,0,2
282,19,-7.1,40,3.2,2000,-18.4,0,0,0,2
197,20,-7.4,41,3.8,2000,-18.4,0,0,0,2
182,21,-7.7,42,2.9,1905,-18.4,0,0,0,2
172,22,-8.8,40,3,1985,-19.9,0,0,0,2
99,23,-9.4,41,1.6,2000,-20.2,0,0,0,2
108,0,-10,34,1.1,2000,-22.9,0,0,0,2
129,1,-10.4,37,0.3,2000,-22.3,0,0,0,2
84,2,-10.6,40,1,2000,-21.6,0,0,0,2
54,3,-10.7,42,1.4,2000,-21.1,0,0,0,2
33,4,-11.1,50,1.2,1986,-19.4,0,0,0,2
47,5,-11.3,53,1.6,1979,-19,0,0,0,2
94,6,-11.2,53,0.9,2000,-18.9,0,0,0,2
214,7,-11.3,57,0.9,1984,-18.1,0,0,0,2
491,8,-11.1,61,0.7,1963,-17.1,0.01,0,0,2
254,9,-9.9,49,0.8,1624,-18.6,0.2,0,0,2
170,10,-7.5,42,0.9,1705,-18.2,0.55,0,0,2
220,11,-4.5,29,1.3,1912,-19.8,0.79,0,0,2
253,12,-3.2,32,2.7,1900,-17.5,1.01,0,0,2
225,13,-1.3,35,2,1893,-14.8,1.18,0,0,2
238,14,-1.1,46,2.1,1437,-11.2,0.72,0,0,2
173,15,-1.6,55,2.5,1891,-9.4,0.64,0,0,2
94,16,-2.2,76,1.7,233,-5.8,0.25,0,0,2
53,17,-2.4,85,0.3,174,-4.5,0.06,0,0.6,2
100,18,-2.3,91,0.4,202,-3.5,0,1.4,2,2
59,19,-1.7,91,1.1,167,-2.9,0,0,3,2
72,20,-1.5,91,1.7,270,-2.7,0,0,3.3,2
60,21,-1.6,91,1.3,508,-2.8,0,1.5,3.5,2
73,22,-1.7,85,1.2,1006,-3.8,0,0,3.5,2
62,23,-1.7,83,1,1093,-4.2,0,0,3.5,2
69,0,-1.7,83,0.8,1113,-4.2,0,0,3.5,2
96,1,-1.6,81,1.1,1141,-4.4,0,0,3.5,2
60,2,-1.6,80,1.4,1097,-4.6,0,0,3.5,2
47,3,-2.2,83,1,977,-4.7,0,0,3.5,2
34,4,-2.4,82,1.5,877,-5,0,0,3.5,2
34,5,-2.8,83,0.6,946,-5.2,0,0,3.5,2
63,6,-3.1,80,0.7,1215,-6,0,0,3.5,2
124,7,-3.5,83,1.6,953,-5.9,0,0,3.5,2
273,8,-3.6,83,1.7,915,-6,0,0,3.5,2
137,9,-3.3,77,1.2,916,-6.7,0.1,0,3.4,2
102,10,-2.3,63,1.7,1286,-8.4,0.22,0,3.2,2
144,11,-1.5,46,2.5,1906,-11.6,0.56,0,3,2
160,12,-1,35,2.7,1921,-14.5,0.64,0,3,2
171,13,-0.8,39,2.6,1853,-13,0.54,0,2.8,2
156,14,-0.7,33,2.7,1984,-15,0.56,0,2.5,2
214,15,-0.5,30,2.3,1997,-15.9,0.45,0,2.2,2
216,16,-0.1,29,1.6,2000,-16,0.5,0,1.8,2
279,17,-0.9,34,2.8,2000,-14.8,0.28,0,1.8,2
403,18,-1.8,35,2.1,2000,-15.2,0.05,0,1.6,2
270,19,-2.2,36,2.2,2000,-15.2,0,0,1.6,2
229,20,-2.6,36,3.1,2000,-15.6,0,0,1.6,2
229,21,-3.4,40,0.9,2000,-15,0,0,1.6,2
188,22,-4.2,48,1,2000,-13.5,0,0,1.6,2
132,23,-4.7,53,1.3,2000,-12.8,0,0,1.6,2
122,0,-5.2,56,1.4,1996,-12.6,0,0,1.6,2
149,1,-5.4,54,1.7,1996,-13.2,0,0,1.6,2
103,2,-5.5,53,2.1,1980,-13.5,0,0,1.6,2
81,3,-6.2,57,1.6,1874,-13.3,0,0,1.6,2
37,4,-7.1,56,1.8,1841,-14.4,0,0,1.6,2
51,5,-7.8,65,2.3,1737,-13.2,0,0,1.6,2
95,6,-8.1,59,0.7,1915,-14.7,0,0,1.6,2
244,7,-8.7,64,0.5,1972,-14.2,0,0,1.6,2
459,8,-8.6,59,1,1948,-15.1,0.01,0,1.6,2
259,9,-7.9,50,0.6,1805,-16.5,0.23,0,1.6,2
168,10,-5,41,0.5,1799,-16.2,0.64,0,1.5,2
194,11,-2.6,33,1.5,1830,-16.6,0.95,0,1.4,2
240,12,-1.1,31,1.3,1869,-16.1,1.2,0,1.3,2
233,13,0.3,28,3.1,1988,-16.1,1.3,0,1,2
256,14,0.8,23,3.2,2000,-18,1.29,0,0.5,2
293,15,0.7,25,3,1987,-17.1,1.12,0,0,2
268,16,1.1,26,2.1,1957,-16.3,0.82,0,0,2
341,17,0.3,26,2.4,1977,-17,0.45,0,0,2
542,18,-1,28,1.9,2000,-17.2,0.08,0,0,2
344,19,-1.8,32,1.5,2000,-16.3,0,0,0,2
263,20,-2.4,36,1,2000,-15.4,0,0,0,2
257,21,-3.2,47,1.8,1917,-12.9,0,0,0,2
235,22,-3.9,52,1.2,1871,-12.3,0,0,0,2
143,23,-4.5,55,0.4,1908,-12.1,0,0,0,2
138,0,-4.9,56,1.1,1982,-12.3,0,0,0,2
159,1,-5.2,56,0.9,1973,-12.6,0,0,0,2
102,2,-5.7,59,0.3,1951,-12.4,0,0,0,2
65,3,-6.3,63,0.9,1425,-12.2,0,0,0,2
47,4,-6.7,65,1.1,1705,-12.1,0,0,0,2
48,5,-6.8,61,0.2,1724,-13,0,0,0,2
115,6,-7,62,1.3,1830,-13,0,0,0,2
267,7,-7.4,62,1.5,1909,-13.4,0,0,0,2
558,8,-7.4,58,2.2,1882,-14.2,0.01,0,0,2
280,9,-6.5,54,1.2,1541,-14.2,0.22,0,0,2
187,10,-4.1,43,1.2,1187,-14.8,0.59,0,0,2
234,11,-1.4,37,1,1317,-14.2,0.91,0,0,2
303,12,0.9,37,1.5,1283,-12.1,1.12,0,0,2
294,13,1.6,29,2.2,1662,-14.5,1.2,0,0,2
293,14,3.2,26,2.2,1499,-14.5,1.16,0,0,2
310,15,3.6,26,2.4,1687,-14.1,0.99,0,0,2
330,16,2.9,26,3,1968,-14.7,0.69,0,0,2
382,17,2,25,2.3,1998,-16,0.34,0,0,2
592,18,0.5,37,3,1733,-12.5,0.06,0,0,2
379,19,-0.5,43,2.5,1666,-11.5,0,0,0,2
241,20,-1.3,51,2.4,1481,-10.1,0,0,0,2
225,21,-2,61,1.7,1655,-8.5,0,0,0,2
227,22,-2.4,63,1.3,1523,-8.4,0,0,0,2
178,23,-2.6,69,2,1434,-7.5,0,0,0,2
182,0,-2.5,69,2.2,1366,-7.4,0,0,0,2
184,1,-2.3,71,3.2,1078,-6.8,0,0,0,2
123,2,-3.4,82,4.2,184,-6,0,0,0,2
60,3,-4.4,80,4.3,346,-7.3,0,0.1,0.1,2
35,4,-5.6,74,4,387,-9.5,0,0,0.2,2
31,5,-6.3,65,3.9,1521,-11.8,0,0,0.3,2
33,6,-7.8,57,4.8,1867,-14.8,0,0.4,0.3,2
67,7,-8.8,58,4,1942,-15.5,0,0,0.3,2
116,8,-9.5,56,3.5,1979,-16.6,0.01,0,0.3,2
168,9,-9.4,47,3.3,1995,-18.6,0.42,0,0.3,2
144,10,-8.5,43,4,1797,-18.8,1.09,0,0.2,2
195,11,-7.7,41,4.6,1984,-18.7,1.65,0,0.2,2
192,12,-6,38,3.4,1930,-18,2.04,0,0,2
229,13,-5.8,38,3.7,1961,-17.8,2.25,0,0,2
196,14,-5,31,4,2000,-19.5,2.18,0,0,2
210,15,-4.5,31,4.3,1979,-19.1,1.91,0,0,2
205,16,-4.2,31,3.5,1974,-18.8,1.42,0,0,2
211,17,-5.6,32,4.6,2000,-19.7,0.53,0,0,2
175,18,-6.6,36,4.4,2000,-19.2,0.15,0,0,2
135,19,-7.6,32,4.8,2000,-21.4,0,0,0,2
109,20,-8.5,31,4.1,2000,-22.6,0,0,0,2
107,21,-9.1,38,2.7,2000,-20.8,0,0,0,2
92,22,-9.7,45,3,2000,-19.4,0,0,0,2
91,23,-10,48,2.6,2000,-18.9,0,0,0,2
98,0,-10.4,49,2.4,2000,-19,0,0,0,2
90,1,-10.5,48,3.1,2000,-19.4,0,0,0,2
60,2,-10.5,49,2,2000,-19.1,0,0,0,2
54,3,-10.6,47,3.7,2000,-19.7,0,0,0,2
35,4,-11.2,47,2.3,2000,-20.3,0,0,0,2
21,5,-11.5,51,3.3,1996,-19.6,0,0,0,2
23,6,-11.8,54,2.4,1917,-19.2,0,0,0,2
34,7,-12.4,54,2.5,1790,-19.8,0,0,0,2
70,8,-12.8,56,2.4,1507,-19.7,0.02,0,0,2
97,9,-12.4,51,3.8,1415,-20.4,0.38,0,0,2
103,10,-11.2,43,3.5,1359,-21.3,1.04,0,0,2
115,11,-9.7,37,2.8,1436,-21.6,1.57,0,0,2
165,12,-8.3,32,1.8,1295,-22.1,1.99,0,0,2
152,13,-8.3,34,4,1561,-21.4,2.22,0,0,2
177,14,-7.4,33,4,1713,-20.9,2.17,0,0,2
190,15,-6.4,30,4.9,1939,-21.1,1.89,0,0,2
181,16,-5.4,29,3.6,1979,-20.6,1.4,0,0,2
184,17,-5.9,27,3.6,1974,-21.9,0.81,0,0,2
154,18,-7,26,4.1,2000,-23.3,0.16,0,0,2
124,19,-7.7,31,3.3,2000,-21.9,0,0,0,2
98,20,-8.2,28,3.5,2000,-23.5,0,0,0,2
107,21,-8.9,35,3.2,2000,-21.6,0,0,0,2
78,22,-9.7,45,1.3,2000,-19.4,0,0,0,2
77,23,-10.3,48,2,2000,-19.2,0,0,0,2
82,0,-10.5,52,2.4,2000,-18.4,0,0,0,2
52,1,-11.2,54,1,2000,-18.6,0,0,0,2
39,2,-11.2,55,1.5,2000,-18.4,0,0,0,2
33,3,-11.3,54,0.6,2000,-18.7,0,0,0,2
20,4,-11.7,51,1.2,2000,-19.8,0,0,0,2
37,5,-11.6,45,2.4,2000,-21.1,0,0,0,2
110,6,-11.5,40,2.3,2000,-22.4,0,0,0,2
227,7,-11.6,44,1.6,2000,-21.4,0,0,0,2
433,8,-11.5,40,2.8,2000,-22.4,0.02,0,0,2
216,9,-11.1,38,2.4,1945,-22.6,0.43,0,0,2
123,10,-9.6,32,3.7,2000,-23.2,1.14,0,0,2
156,11,-8.5,27,4.7,1894,-24.2,1.73,0,0,2
157,12,-7.8,28,4.1,2000,-23.1,2.12,0,0,2
169,13,-7,25,4.2,1999,-23.7,2.29,0,0,2
170,14,-6.4,24,4.6,1970,-23.7,2.23,0,0,2
169,15,-5.7,25,4.4,1995,-22.6,1.94,0,0,2
199,16,-5.4,25,3.4,1985,-22.3,1.44,0,0,2
225,17,-6.4,28,4.5,2000,-21.9,0.81,0,0,2
388,18,-7.6,29,3.5,2000,-22.6,0.16,0,0,2
246,19,-8.3,29,4.1,2000,-23.2,0,0,0,2
206,20,-9.1,35,3.8,2000,-21.7,0,0,0,2
177,21,-9.8,41,3.9,1949,-20.6,0,0,0,2
183,22,-10.3,43,3.7,1876,-20.5,0,0,0,2
115,23,-10.5,47,2.8,1794,-19.6,0,0,0,2
126,0,-10.6,47,3.5,1803,-19.7,0,0,0,2
87,1,-10.9,36,3.3,2000,-23,0,0,0,2
59,2,-11.2,36,2.9,1981,-23.3,0,0,0,2
36,3,-11.6,35,3.2,1992,-24,0,0,0,2
32,4,-12,36,2.7,1998,-24,0,0,0,2
40,5,-12.3,37,2.9,2000,-24,0,0,0,2
94,6,-12.5,40,3.4,1991,-23.3,0,0,0,2
213,7,-12.7,41,3.7,1982,-23.2,0,0,0,2
438,8,-12.7,41,3.1,2000,-23.2,0.02,0,0,2
217,9,-12.3,39,3.7,1984,-23.4,0.45,0,0,2
128,10,-11.3,35,4.2,1848,-23.7,1.15,0,0,2
175,11,-9.9,32,3.3,1863,-23.5,1.72,0,0,2
172,12,-8.2,31,2.7,1858,-22.3,2.09,0,0,2
165,13,-7.5,28,4.3,1904,-22.9,2.3,0,0,2
147,14,-7,26,4.4,1986,-23.3,2.24,0,0,2
171,15,-5.9,25,3.1,1936,-22.8,1.93,0,0,2
175,16,-5.9,24,3.5,2000,-23.2,1.44,0,0,2
227,17,-6.6,29,2.5,2000,-21.7,0.68,0,0,2
392,18,-7.6,36,3.3,2000,-20.1,0.11,0,0,2
251,19,-8.4,37,4,2000,-20.5,0,0,0,2
193,20,-9.6,34,2.6,2000,-22.5,0,0,0,2
175,21,-10.6,39,3.1,2000,-21.9,0,0,0,2
169,22,-11.1,43,1.8,1960,-21.2,0,0,0,2
106,23,-11.8,46,1.1,1860,-21.1,0,0,0,2
116,0,-12.3,47,0.4,1848,-21.3,0,0,0,2
96,1,-12.3,47,1.9,1837,-21.3,0,0,0,2
83,2,-12.5,50,1,1722,-20.8,0,0,0,2
51,3,-12.5,49,1.5,1885,-21,0,0,0,2
34,4,-13.1,54,0.7,1369,-20.4,0,0,0,2
45,5,-13,53,0.7,1810,-20.5,0,0,0,2
92,6,-13.2,50,0.5,1873,-21.4,0,0,0,2
214,7,-13.2,56,0.9,1665,-20.1,0,0,0,2
469,8,-13.3,60,0.6,1598,-19.4,0.02,0,0,2
237,9,-12,50,1.3,1523,-20.3,0.43,0,0,2
155,10,-9.6,39,0.7,1580,-21,1.06,0,0,2
176,11,-7,28,3.3,1829,-22.4,1.56,0,0,2
188,12,-6,24,2.6,1964,-23.3,1.97,0,0,2
228,13,-4.5,23,2.6,1937,-22.5,2.12,0,0,2
199,14,-3.5,20,1.5,1976,-23.2,2.02,0,0,2
221,15,-2.1,20,2.3,1961,-22.1,1.87,0,0,2
240,16,-1.7,18,2,1919,-22.9,1.41,0,0,2
320,17,-2.3,20,2.2,1994,-22.2,0.77,0,0,2
448,18,-4,27,2.5,2000,-20.2,0.16,0,0,2
280,19,-5.2,33,2.6,2000,-19,0,0,0,2
218,20,-5.8,44,2.1,1994,-16.1,0,0,0,2
223,21,-6.3,48,2.2,1965,-15.5,0,0,0,2
200,22,-6.8,50,1.7,1856,-15.5,0,0,0,2
164,23,-7.6,50,1,1839,-16.2,0,0,0,2
136,0,-8.2,50,1.1,1850,-16.8,0,0,0,2
126,1,-8.5,60,1.2,1908,-14.8,0,0,0,2
103,2,-8.3,65,0.4,1750,-13.7,0,0,0,2
57,3,-8.6,64,0.9,1754,-14.1,0,0,0,2
46,4,-9,54,0.6,1833,-16.6,0,0,0,2
39,5,-9,56,0.4,1678,-16.1,0,0,0,2
99,6,-9.3,61,0.7,1684,-15.4,0,0,0,2
255,7,-9.6,67,1,1503,-14.5,0,0,0,2
507,8,-9.7,65,0.8,1508,-15,0.02,0,0,2
270,9,-8.5,55,1,1482,-15.9,0.4,0,0,2
160,10,-6.3,46,1.3,1346,-16,1.01,0,0,2
217,11,-3.1,39,1.2,1495,-15.1,1.54,0,0,2
253,12,-1.5,35,1.2,1551,-15,1.9,0,0,2
270,13,0.3,30,1.4,1697,-15.2,2.11,0,0,2
253,14,0.9,25,2.4,1730,-16.9,2.09,0,0,2
286,15,1.4,25,2.2,1686,-16.5,1.81,0,0,2
284,16,2,25,2.3,1755,-16,1.3,0,0,2
337,17,1.5,24,1.9,1788,-16.9,0.72,0,0,2
564,18,-0.5,26,1.7,1999,-17.7,0.15,0,0,2
378,19,-1.8,35,1.4,1558,-15.2,0,0,0,2
277,20,-2.8,40,1.5,1593,-14.5,0,0,0,2
268,21,-3.3,42,1.1,1596,-14.4,0,0,0,2
233,22,-3.9,41,0.4,1462,-15.2,0,0,0,2
195,23,-4.3,44,0.7,1247,-14.7,0,0,0,2
178,0,-4.6,38,0.1,1551,-16.7,0,0,0,2
159,1,-4.8,44,1.1,1432,-15.2,0,0,0,2
107,2,-5.1,47,0.9,1460,-14.6,0,0,0,2
78,3,-5.2,48,0.7,1309,-14.5,0,0,0,2
46,4,-4.4,47,0.9,1343,-14,0,0,0,2
36,5,-4.2,44,1.1,1196,-14.6,0,0,0,2
117,6,-4,41,0.8,1242,-15.3,0,0,0,2
273,7,-3.6,42,0.9,1258,-14.6,0,0,0,2
589,8,-3.3,39,0.9,1279,-15.3,0.02,0,0,2
308,9,-2.4,36,1.2,1276,-15.4,0.2,0,0,2
199,10,-1.3,34,0.5,1192,-15.1,0.32,0,0,2
238,11,-0.2,31,0.8,1269,-15.3,0.5,0,0,2
260,12,1.6,28,0.5,1193,-14.9,0.88,0,0,2
268,13,2.6,27,0.8,1120,-14.5,0.82,0,0,2
283,14,4,25,0.9,1009,-14.3,1.06,0,0,2
315,15,5,24,1,1037,-13.9,1.16,0,0,2
319,16,6,28,1.7,1183,-11.1,1.03,0,0,2
422,17,4.8,38,3,1582,-8.3,0.47,0,0,2
659,18,4.1,40,2.1,1327,-8.3,0.1,0,0,2
407,19,3.3,58,1.7,1024,-4.1,0,0,0,2
308,20,3,61,1.9,842,-3.8,0,0,0,2
243,21,2.9,63,1,786,-3.4,0,0,0,2
263,22,2.5,66,1.1,759,-3.2,0,0,0,2
193,23,2,70,0.7,689,-2.9,0,0,0,2
197,0,1.5,71,1.1,590,-3.1,0,0,0,2
237,1,1.7,71,1.2,584,-3,0,0,0,2
169,2,1.9,71,1.5,584,-2.8,0,0,0,2
145,3,2,71,1.2,534,-2.7,0,0,0,2
79,4,1.9,74,1.2,514,-2.2,0,0,0,2
41,5,1.8,75,2,484,-2.1,0,0,0,2
48,6,1.6,78,1.6,448,-1.8,0,0,0,2
97,7,1.6,81,1.4,393,-1.3,0,0,0,2
188,8,1.6,82,1.3,349,-1.1,0.01,0,0,2
222,9,1.6,78,2,260,-1.8,0.17,0,0,2
223,10,1.8,73,2.8,270,-2.5,0.69,0,0,2
235,11,2.6,62,2.9,294,-3.9,1.12,0,0,2
248,12,2.9,53,4.7,354,-5.7,1.37,0,0,2
296,13,2.8,31,4,967,-12.6,1.42,0,0,2
286,14,2.2,24,4.5,1700,-16.3,1.66,0,0,2
277,15,2,20,4.1,1942,-18.6,1.49,0,0,2
291,16,0.3,17,4.9,2000,-21.9,0.87,0,0,2
277,17,-0.9,19,5,2000,-21.6,0.48,0,0,2
216,18,-2,15,5.6,2000,-25.2,0.13,0,0,2
151,19,-3.1,14,5.1,2000,-26.9,0,0,0,2
132,20,-4.4,19,5.8,2000,-24.6,0,0,0,2
124,21,-5.6,28,4.1,2000,-21.2,0,0,0,2
128,22,-6.2,32,3.5,2000,-20.2,0,0,0,2
118,23,-6.7,35,2.1,2000,-19.6,0,0,0,2
112,0,-6.9,36,2.1,2000,-19.5,0,0,0,2
95,1,-7,38,2.6,2000,-18.9,0,0,0,2
93,2,-7,42,1.6,2000,-17.7,0,0,0,2
58,3,-7.2,43,2,2000,-17.6,0,0,0,2
34,4,-7.5,42,2.4,1998,-18.2,0,0,0,2
19,5,-7.8,39,2.8,2000,-19.3,0,0,0,2
39,6,-8.4,33,1.4,1963,-21.8,0,0,0,2
40,7,-9.2,34,2,1945,-22.2,0,0,0,2
81,8,-9.4,29,1.9,1967,-24.1,0.03,0,0,2
126,9,-8.6,28,1.5,1786,-23.8,0.49,0,0,2
130,10,-6.9,21,3.4,1827,-25.6,1.16,0,0,2
155,11,-5,25,3.2,1853,-22,1.75,0,0,2
174,12,-3.9,28,2.9,1921,-19.7,2.12,0,0,2
212,13,-2.4,28,3,1953,-18.4,2.35,0,0,2
191,14,-2.2,29,4.1,1983,-17.8,1.93,0,0,2
181,15,-2.6,31,2.7,1987,-17.4,1.36,0,0,2
175,16,-3.6,36,4.4,2000,-16.5,0.67,0,0,2
198,17,-4.2,47,2.7,2000,-13.8,0.31,0,0,2
150,18,-4.6,56,3.6,2000,-12,0.09,0,0,2
147,19,-5.2,66,3.1,2000,-10.5,0,0,0,2
127,20,-5.7,67,2.6,2000,-10.8,0,0,0,2
119,21,-5.6,69,2.2,1984,-10.3,0,0,0,2
103,22,-5.8,57,3.2,1980,-12.9,0,0,0,2
91,23,-7,49,3.4,1984,-15.9,0,0,0,2
103,0,-7.7,52,3.2,1982,-15.8,0,0,0,2
69,1,-7.9,52,3.7,1961,-16,0,0,0,2
45,2,-8.3,49,2.7,2000,-17.1,0,0,0,2
21,3,-8.5,35,2.7,2000,-21.2,0,0,0,2
33,4,-8.6,31,3.5,2000,-22.7,0,0,0,2
30,5,-9.2,37,1.1,2000,-21.2,0,0,0,2
109,6,-9.5,36,1.5,2000,-21.8,0,0,0,2
236,7,-9.5,35,1.1,2000,-22.1,0,0,0,2
517,8,-9.1,33,2.1,1998,-22.4,0.03,0,0,2
262,9,-8.4,28,2.2,1947,-23.7,0.49,0,0,2
161,10,-6.7,23,2.4,1938,-24.4,1.25,0,0,2
190,11,-6.1,25,2.8,1976,-22.9,1.28,0,0,2
202,12,-4.6,32,4.2,1874,-18.8,1.43,0,0,2
246,13,-2.7,29,2.9,1961,-18.3,2.29,0,0,2
182,14,-2.4,30,3.4,1824,-17.6,2.08,0,0,2
228,15,-2.1,30,3.9,1933,-17.3,2.22,0,0,2
239,16,-2.4,33,4.5,1815,-16.5,1.55,0,0,2
288,17,-3.1,36,4.4,1988,-16,0.89,0,0,2
475,18,-4.4,46,3.5,2000,-14.3,0.23,0,0,2
340,19,-4.9,52,2,2000,-13.2,0,0,0,2
244,20,-4.7,55,1.7,2000,-12.3,0,0,0,2
253,21,-4.3,59,3,1239,-11.1,0,0,0,2
200,22,-4.2,57,1.7,2000,-11.4,0,0,0,2
140,23,-4.4,58,2.4,2000,-11.4,0,0,0,2
158,0,-5,60,1.8,1995,-11.5,0,0,0,2
146,1,-5.5,60,1.3,1994,-12,0,0,0,2
106,2,-6,58,2,2000,-12.9,0,0,0,2
70,3,-6.2,61,1.3,1992,-12.5,0,0,0,2
46,4,-6.4,62,1.8,1978,-12.4,0,0,0,2
51,5,-6.7,64,1.6,1981,-12.3,0,0,0,2
96,6,-7.1,70,1,1977,-11.6,0,0,0,2
294,7,-7.2,70,1.9,1946,-11.7,0,0,0,2
568,8,-7.1,68,0.6,1931,-12,0.03,0,0,2
285,9,-5.9,52,1.4,1935,-14.1,0.53,0,0,2
200,10,-2.4,41,1.5,1905,-13.8,1.19,0,0,2
252,11,-0.3,40,3.4,1728,-12.2,1.73,0,0,2
281,12,1,41,3.3,1794,-10.8,2.11,0,0,2
256,13,2.6,40,3.5,1854,-9.6,2.28,0,0,2
300,14,3.7,39,3.8,1908,-9,2.19,0,0,2
295,15,3.7,40,5.3,1950,-8.6,1.96,0,0,2
328,16,3.9,41,4,1973,-8.1,1.24,0,0,2
410,17,3.5,46,3.1,1992,-7,0.39,0,0,2
604,18,3.1,50,3.7,2000,-6.3,0.07,0,0,2
406,19,2.4,57,3.2,1995,-5.2,0,0,0,2
323,20,2.3,59,3.8,1981,-4.9,0,0,0,2
290,21,2.6,57,3.8,2000,-5,0,0,0,2
291,22,2.6,57,3.1,2000,-5,0,0,0,2
211,23,2.4,59,3.2,2000,-4.8,0,0,0,2
178,0,2,65,2.2,1885,-3.9,0,0,0,2
213,1,1.3,67,1.2,1738,-4.1,0,0,0,2
129,2,1.2,64,0.9,1680,-4.8,0,0,0,2
101,3,1.1,65,1,1596,-4.7,0,0,0,2
51,4,1.1,67,1.7,1506,-4.3,0,0,0,2
56,5,1,68,0.6,1519,-4.2,0,0,0,2
108,6,1.1,66,0.9,1550,-4.5,0,0,0,2
292,7,1.3,66,1.1,1534,-4.3,0,0,0,2
606,8,2.1,65,1.1,1559,-3.8,0.01,0,0,2
326,9,3.9,64,2.9,1483,-2.3,0.18,0,0,2
241,10,5.2,65,3.9,1313,-0.8,0.56,0,0,2
288,11,6.3,67,3.5,1179,0.6,0.52,0,0,2
312,12,6.9,67,3.9,986,1.1,0.42,0,0,2
349,13,7.2,65,3.8,773,1,0.61,0,0,2
398,14,7.8,57,3.5,675,-0.2,1.34,0,0,2
461,15,8.7,48,4.1,767,-1.7,1.68,0,0,2
447,16,8,36,3.5,1013,-6.1,1.09,0,0,2
484,17,6.6,34,2.8,1300,-8.1,0.42,0,0,2
559,18,5.1,34,2.3,1440,-9.5,0.09,0,0,2
316,19,3.9,37,1.4,1417,-9.4,0,0,0,2
262,20,2.8,29,2.8,1473,-13.5,0,0,0,2
216,21,1.7,27,3.1,1734,-15.3,0,0,0,2
218,22,0.3,33,4,1436,-14.1,0,0,0,2
160,23,-0.3,35,2.1,1577,-13.9,0,0,0,2
126,0,-0.7,37,3.5,1716,-13.6,0,0,0,1
123,1,-1.1,38,2.8,1999,-13.6,0,0,0,1
112,2,-1.2,35,2.2,2000,-14.7,0,0,0,1
74,3,-1.4,34,2.1,2000,-15.2,0,0,0,1
58,4,-1.9,34,3,2000,-15.7,0,0,0,1
32,5,-2.4,33,3.1,2000,-16.5,0,0,0,1
39,6,-2.6,38,1,2000,-15,0,0,0,1
55,7,-3,40,0.9,2000,-14.7,0,0,0,1
112,8,-3,38,1,2000,-15.4,0,0,0,1
112,9,-3.5,30,1.5,1980,-18.6,0,0,0,1
127,10,-1.6,26,1.9,1980,-18.6,1.29,0,0,1
170,11,0.1,22,2,2000,-19.1,1.84,0,0,1
174,12,1.7,20,3,1983,-18.9,2.28,0,0,1
240,13,2.2,18,3.4,1942,-19.7,2.3,0,0,1
270,14,2.9,14,4.3,2000,-22,2.29,0,0,1
276,15,3.8,17,3.2,2000,-19,1.97,0,0,1
273,16,3.2,16,3,2000,-20.2,1.45,0,0,1
236,17,2.4,17,3.1,1990,-20.2,0.78,0,0,1
190,18,1.1,18,2.5,2000,-20.6,0.2,0,0,1
166,19,0.1,21,2.9,2000,-19.7,0,0,0,1
148,20,-0.4,27,2.2,2000,-17.1,0,0,0,1
134,21,-1.1,32,2.4,2000,-15.7,0,0,0,1
145,22,-1.9,30,0.8,2000,-17.2,0,0,0,1
92,23,-2.5,31,1.4,1996,-17.3,0,0,0,1
105,0,-3.3,35,1.8,1977,-16.6,0,0,0,1
77,1,-3.6,35,2,1943,-16.8,0,0,0,1
47,2,-4.1,38,1.2,1996,-16.3,0,0,0,1
36,3,-4.4,37,1.7,1989,-16.9,0,0,0,1
35,4,-4.5,42,1.4,1944,-15.5,0,0,0,1
28,5,-5,44,0.9,1976,-15.3,0,0,0,1
30,6,-5.2,42,0.7,1980,-16.1,0,0,0,1
49,7,-5.4,41,0.3,2000,-16.6,0,0,0,1
68,8,-5.4,38,0.7,2000,-17.5,0.04,0,0,1
48,9,-4.3,33,0.7,1923,-18.2,0.6,0,0,1
78,10,-1.3,32,1.5,1933,-15.9,1.24,0,0,1
93,11,1,25,1.4,1782,-16.8,1.7,0,0,1
137,12,2.2,19,1.4,1946,-19.1,2.01,0,0,1
169,13,3.5,17,3.2,1971,-19.3,2.2,0,0,1
196,14,4.2,18,3.3,1976,-18,2.25,0,0,1
243,15,4,26,3.5,2000,-13.8,1.75,0,0,1
189,16,3.3,38,3.8,1921,-9.6,1.33,0,0,1
210,17,2.5,48,4.2,1979,-7.4,0.76,0,0,1
165,18,1.4,56,3.2,1932,-6.4,0.22,0,0,1
126,19,0.6,59,2.3,1939,-6.5,0,0,0,1
150,20,0.2,61,1.9,1956,-6.4,0,0,0,1
114,21,0.1,67,2.5,1451,-5.3,0,0,0,1
116,22,-0.6,70,3.4,1204,-5.4,0,0,0,1
84,23,-2,51,3.2,1336,-10.8,0,0,0,1
79,0,-2.7,41,3.2,1695,-14.1,0,0,0,1
71,1,-3.1,36,3.5,2000,-16,0,0,0,1
56,2,-3.8,30,3.9,2000,-18.8,0,0,0,1
34,3,-4.5,28,3,2000,-20.3,0,0,0,1
20,4,-5.2,28,2.5,2000,-20.9,0,0,0,1
14,5,-5.7,31,2.3,1999,-20.1,0,0,0,1
39,6,-6.2,32,2.5,2000,-20.2,0,0,0,1
35,7,-6.8,32,1.6,2000,-20.7,0,0,0,1
80,8,-7.1,30,1.7,1991,-21.7,0.04,0,0,1
98,9,-6.5,26,2.4,1874,-22.8,0.64,0,0,1
103,10,-4.3,21,1.4,1908,-23.4,1.34,0,0,1
155,11,-2.8,19,2.6,1957,-23.2,1.91,0,0,1
183,12,-1.3,17,1.5,1998,-23.2,2.28,0,0,1
193,13,-0.4,15,2.4,1938,-23.9,2.46,0,0,1
258,14,-0.1,15,4,2000,-23.7,2.39,0,0,1
273,15,1,14,4.6,2000,-23.5,2.12,0,0,1
267,16,1.3,15,4.2,2000,-22.5,1.63,0,0,1
250,17,0.6,17,3.3,2000,-21.7,0.79,0,0,1
223,18,-0.3,17,1.9,2000,-22.4,0.2,0,0,1
169,19,-1.5,32,2.5,2000,-16,0,0,0,1
145,20,-2.1,38,2,2000,-14.5,0,0,0,1
133,21,-2.3,38,2.3,2000,-14.7,0,0,0,1
123,22,-2.7,42,2.2,2000,-13.8,0,0,0,1
117,23,-2.9,31,3.8,2000,-17.7,0,0,0,1
99,0,-3.6,33,1.7,2000,-17.5,0,0,0,2
103,1,-4.4,33,1.4,2000,-18.2,0,0,0,2
86,2,-4.7,33,0.1,2000,-18.5,0,0,0,2
56,3,-4.5,26,0,2000,-21.1,0,0,0,2
37,4,-4.1,27,0.6,2000,-20.3,0,0,0,2
22,5,-4,28,0.5,2000,-19.8,0,0,0,2
38,6,-4.1,30,1.1,2000,-19.1,0,0,0,2
52,7,-4.6,31,1.2,2000,-19.2,0,0,0,2
92,8,-4.8,31,0.8,2000,-19.3,0.02,0,0,2
137,9,-4.1,30,0.5,2000,-19.1,0.28,0,0,2
156,10,-1.8,23,0.6,2000,-20.2,0.8,0,0,2
183,11,0,20,0.8,1975,-20.3,1.05,0,0,2
263,12,2.2,17,1,1979,-20.4,1.75,0,0,2
337,13,3.7,17,1.4,2000,-19.1,1.98,0,0,2
372,14,4.1,17,1.8,1996,-18.8,1.87,0,0,2
440,15,5,16,2,1970,-18.8,1.42,0,0,2
404,16,5.1,16,1.8,1998,-18.7,1.17,0,0,2
354,17,4.2,17,2.5,1990,-18.7,0.66,0,0,2
310,18,2.8,25,3,2000,-15.3,0.22,0,0,2
238,19,1.5,30,2.6,2000,-14.2,0,0,0,2
213,20,0.6,33,1.9,2000,-13.8,0,0,0,2
226,21,0.2,32,1.1,1951,-14.5,0,0,0,2
191,22,-0.3,34,1.6,1981,-14.2,0,0,0,2
153,23,-0.7,37,0.9,1814,-13.6,0,0,0,2
148,0,-1.1,39,1.7,1832,-13.3,0,0,0,2
101,1,-1.4,42,1.1,1805,-12.6,0,0,0,2
59,2,-1.4,41,1.1,1582,-12.9,0,0,0,2
42,3,-1.4,41,1.6,1870,-12.9,0,0,0,2
50,4,-1.9,44,0.7,1907,-12.5,0,0,0,2
59,5,-1.8,44,0.5,1862,-12.4,0,0,0,2
139,6,-1.4,46,0.3,1651,-11.5,0,0,0,2
349,7,-0.9,45,0.9,1820,-11.3,0,0,0,2
646,8,-1.2,51,0.8,1800,-10,0.05,0,0,2
347,9,-0.6,43,0.5,1596,-11.6,0.52,0,0,2
235,10,2.6,45,1.2,1230,-8.1,1.17,0,0,2
314,11,4.3,44,2.3,1091,-6.9,1.77,0,0,2
361,12,4.7,43,2.1,1131,-6.8,1.38,0,0,2
332,13,5.1,41,1.8,1097,-7,1.03,0,0,2
373,14,5.6,38,1.6,1087,-7.6,1.1,0,0,2
392,15,6.3,35,2.6,991,-8,1.2,0,0,2
403,16,6.3,35,2.9,1117,-8,1.1,0,0,2
522,17,5.7,36,3,1073,-8.2,0.57,0,0,2
819,18,4.7,43,2.4,938,-6.8,0.19,0,0,2
533,19,3.6,55,1.6,728,-4.6,0,0,0,2
417,20,2.4,60,1.9,661,-4.5,0,0,0,2
388,21,1.8,63,1.2,604,-4.5,0,0,0,2
357,22,1,69,0.7,525,-4,0,0,0,2
218,23,0.5,73,1.5,465,-3.7,0,0,0,2
177,0,0,75,2.3,394,-3.9,0,0,0,2
172,1,-0.5,76,1.6,402,-4.2,0,0,0,2
115,2,-0.8,76,0.8,421,-4.5,0,0,0,2
63,3,-1.3,80,0.7,392,-4.3,0,0,0,2
64,4,-1.6,83,0.6,368,-4.1,0,0,0,2
79,5,-1.8,82,1.3,375,-4.4,0,0,0,2
164,6,-2.1,82,1.8,381,-4.7,0,0,0,2
404,7,-2.2,76,1.9,527,-5.8,0,0,0,2
727,8,-2.1,71,1.7,610,-6.6,0.06,0,0,2
384,9,-1.4,56,1.4,709,-9,0.54,0,0,2
265,10,1.1,38,3.1,1184,-11.6,1.13,0,0,2
322,11,2.8,35,3.9,1265,-11.1,1.71,0,0,2
356,12,4,23,3.5,1785,-15.3,2.03,0,0,2
370,13,4.2,22,3.9,1812,-15.6,2.21,0,0,2
335,14,5,20,3.7,1866,-16.1,2.12,0,0,2
431,15,5.4,18,3.7,1940,-17,1.82,0,0,2
393,16,5.1,17,3.4,2000,-18,1.2,0,0,2
514,17,3.9,19,3.6,2000,-17.6,0.58,0,0,2
764,18,3.2,20,2.9,2000,-17.6,0.16,0,0,2
522,19,2.5,21,2.2,2000,-17.6,0,0,0,2
358,20,1.8,19,3.1,2000,-19.4,0,0,0,2
415,21,1.1,21,1.6,2000,-18.8,0,0,0,2
319,22,0.5,22,2.9,2000,-18.8,0,0,0,2
242,23,-0.5,26,3.3,2000,-17.7,0,0,0,2
171,0,-1.4,28,3.4,1990,-17.6,0,0,0,2
162,1,-2.2,31,1.1,1970,-17,0,0,0,2
105,2,-2.9,31,1.6,1931,-17.7,0,0,0,2
59,3,-3.4,32,0.9,1977,-17.7,0,0,0,2
50,4,-3.8,32,1.1,2000,-18.1,0,0,0,2
63,5,-4,35,1.8,2000,-17.2,0,0,0,2
159,6,-4,34,3.4,2000,-17.5,0,0,0,2
385,7,-4.1,35,3.5,1980,-17.3,0,0,0,2
718,8,-4.3,36,1.9,1955,-17.1,0.06,0,0,2
373,9,-3.8,28,1.7,1904,-19.6,0.63,0,0,2
244,10,-1.8,25,2.6,1913,-19.2,1.17,0,0,2
276,11,0.2,22,2.2,1907,-19,1.57,0,0,2
351,12,2.2,17,2,1824,-20.4,1.99,0,0,2
299,13,2.9,14,3.3,2000,-22,2.14,0,0,2
365,14,3.3,14,2.9,1985,-21.7,2.49,0,0,2
366,15,4.2,15,2.7,1995,-20.2,2.21,0,0,2
409,16,3.7,14,3.9,2000,-21.4,1.71,0,0,2
469,17,3.1,14,3.7,2000,-21.9,1,0,0,2
784,18,1.8,16,3.4,2000,-21.4,0.31,0,0,2
460,19,-0.1,39,2.8,2000,-12.4,0,0,0,2
356,20,-1.1,43,1.5,2000,-12.1,0,0,0,2
345,21,-1.6,52,2.2,2000,-10.1,0,0,0,2
299,22,-2.2,55,1.4,2000,-10,0,0,0,2
223,23,-2.7,58,1.1,2000,-9.8,0,0,0,2
195,0,-2.7,58,1.7,2000,-9.8,0,0,0,2
190,1,-2.2,58,1,2000,-9.3,0,0,0,2
116,2,-2.9,57,0,1985,-10.2,0,0,0,2
71,3,-2.8,57,0.5,1995,-10.1,0,0,0,2
66,4,-2.4,58,0.3,2000,-9.5,0,0,0,2
75,5,-2.4,59,1.1,1984,-9.3,0,0,0,2
151,6,-3,62,0.8,1996,-9.2,0,0,0,2
373,7,-3.7,64,0.7,1891,-9.5,0,0,0,2
783,8,-3.6,63,0.9,1473,-9.6,0.07,0,0,2
383,9,-1.9,51,0.9,1654,-10.7,0.58,0,0,2
259,10,0.9,44,1.1,1826,-10,1.16,0,0,2
308,11,2.7,44,0.9,1761,-8.3,1.45,0,0,2
352,12,4.8,47,2.6,1373,-5.5,1.72,0,0,2
316,13,4.5,51,3.8,1108,-4.7,1.08,0,0,2
331,14,4.8,50,4.3,1168,-4.7,1.01,0,0,2
356,15,5,49,4.4,1138,-4.8,0.96,0,0,2
404,16,5,50,4.3,1121,-4.5,0.74,0,0,2
465,17,4.6,52,3.9,1059,-4.4,0.5,0,0,2
730,18,3.9,56,4,1004,-4,0.18,0,0,2
499,19,3.5,60,2.7,936,-3.5,0,0,0,2
348,20,3,62,2.4,975,-3.5,0,0,0,2
393,21,2.9,64,2.5,1154,-3.2,0,0,0,2
346,22,2.9,65,2.3,1150,-3,0,0,0,2
202,23,2.9,63,2.6,1253,-3.4,0,0,0,2
42,0,1.7,86,2.7,54,-0.3,0,0.4,0.4,2
55,1,0.6,96,2.1,118,0,0,0,4,2
62,2,0.7,97,1.4,197,0.2,0,0,4.1,2
32,3,0.9,97,1.2,243,0.4,0,3.7,4.1,2
36,4,1.1,96,2.5,241,0.5,0,0,3.9,2
39,5,1,91,0.7,257,-0.3,0,0,3.8,2
63,6,0.4,95,0.3,197,-0.3,0,0,3.8,2
174,7,-0.1,97,0.5,179,-0.5,0,0,3.8,2
391,8,-0.2,97,0.4,197,-0.6,0.05,0,3.7,2
214,9,0.5,94,0.6,199,-0.3,0.37,0,3.7,2
184,10,2.2,83,0.8,221,-0.3,0.92,0,3.7,2
230,11,3.8,72,0.9,236,-0.7,1.1,0,3.4,2
283,12,5.3,70,0.9,226,0.2,1.73,0,1.7,2
304,13,6.7,64,2,241,0.3,1.94,0,0.6,2
312,14,7.8,57,2.1,277,-0.2,1.39,0,0,2
312,15,8.2,62,0.6,291,1.3,1.22,0,0,2
354,16,8.3,60,2.7,354,0.9,0.36,0,0,2
470,17,7.9,68,4.2,352,2.3,0.27,0,0,2
669,18,7.5,70,5,374,2.3,0.08,0,0,2
421,19,6.9,73,3.7,369,2.3,0,0,0,2
295,20,6.4,77,2.8,316,2.6,0,0,0,2
321,21,6,79,2.7,306,2.6,0,0,0,2
291,22,5.7,81,2.5,292,2.6,0,0,0,2
243,23,5.5,80,2.7,258,2.3,0,0,0,2
226,0,4.6,82,3,240,1.7,0,0,0,2
263,1,4,83,1.7,235,1.3,0,0,0,2
197,2,3.7,82,1.6,229,0.9,0,0,0,2
133,3,3.5,82,2.9,217,0.7,0,0,0,2
63,4,2.7,82,2.8,222,0,0,0,0,2
58,5,1.8,84,2.7,214,-0.6,0,0,0,2
72,6,1.2,83,2.5,245,-1.3,0,0,0,2
108,7,0.6,86,1.6,211,-1.4,0,0,0,2
203,8,0,77,2.8,289,-3.5,0.06,0,0,2
253,9,0.6,64,3.8,430,-5.4,0.65,0,0,2
259,10,0.8,60,2.9,497,-6,0.71,0,0,2
298,11,2.2,50,2.4,608,-7.1,1.1,0,0,2
363,12,4,37,1.4,763,-9.4,1.75,0,0,2
412,13,5.3,29,2.1,1007,-11.3,2.08,0,0,2
454,14,6.9,19,1.9,1843,-15.1,2.36,0,0,2
467,15,6.7,24,2.7,1536,-12.4,1.95,0,0,2
509,16,5.9,21,3,1864,-14.8,1.34,0,0,2
462,17,4.9,28,3.1,1477,-12.1,0.77,0,0,2
379,18,3.5,30,2.9,1726,-12.4,0.31,0,0,2
306,19,2.1,27,2.8,1883,-15,0.01,0,0,2
233,20,1.1,32,1.4,1785,-13.8,0,0,0,2
232,21,0.7,31,1.3,1923,-14.5,0,0,0,2
219,22,0.1,32,0.9,1937,-14.6,0,0,0,2
187,23,-0.6,39,1.3,1731,-12.8,0,0,0,2
182,0,-1.1,44,1.2,1741,-11.8,0,0,0,2
189,1,-1.4,43,0.6,1791,-12.3,0,0,0,2
124,2,-1.5,46,1.1,1744,-11.6,0,0,0,2
103,3,-1.3,42,0.8,1648,-12.5,0,0,0,2
52,4,-1.1,43,0.7,1558,-12.1,0,0,0,2
37,5,-0.7,41,0.9,1442,-12.3,0,0,0,2
54,6,-0.8,44,0.6,1541,-11.5,0,0,0,2
77,7,-1,47,0.9,1552,-10.9,0,0,0,2
158,8,-1.3,54,0.6,1597,-9.4,0.06,0,0,2
173,9,-0.3,48,1.1,1394,-10,0.43,0,0,2
195,10,2.1,42,1.1,1564,-9.5,1.12,0,0,2
244,11,4.3,29,2.6,1293,-12.2,1.87,0,0,2
396,12,5.5,25,3.1,1652,-13,2.28,0,0,2
482,13,6.1,22,2.4,1710,-14,2.5,0,0,2
572,14,7,23,2.4,1645,-12.7,2.52,0,0,2
612,15,7.5,21,2.7,1900,-13.4,2.22,0,0,2
688,16,7.6,18,3.2,1930,-15.2,1.73,0,0,2
589,17,6.9,25,2.9,1795,-11.8,1.07,0,0,2
402,18,5.2,30,2.8,1877,-11,0.36,0,0,2
297,19,3.1,40,2.6,1804,-9.2,0.01,0,0,2
232,20,1.3,49,2.8,1683,-8.2,0,0,0,2
239,21,0.2,55,2.5,1942,-7.7,0,0,0,2
230,22,0,54,2.5,1929,-8.2,0,0,0,2
173,23,-0.3,58,1,1945,-7.5,0,0,0,2
135,0,-0.9,60,0.7,1844,-7.7,0,0,0,2
122,1,-1.2,63,0.9,1846,-7.3,0,0,0,2
80,2,-1.7,66,0.8,1631,-7.2,0,0,0,2
46,3,-1.9,67,1,1575,-7.2,0,0,0,2
46,4,-2.3,69,1.1,1411,-7.2,0,0,0,2
65,5,-2.5,73,0.8,1134,-6.6,0,0,0,2
161,6,-2.7,72,0.5,1253,-7,0,0,0,2
402,7,-3.1,68,0.8,1417,-8.1,0,0,0,2
786,8,-2.9,63,0.7,1386,-8.9,0.11,0,0,2
416,9,-1.1,53,0.9,1308,-9.4,0.72,0,0,2
289,10,1.9,46,1.1,1233,-8.5,1.39,0,0,2
356,11,4.6,37,1.6,1309,-8.8,1.95,0,0,2
428,12,6.9,28,1.1,1301,-10.3,2.35,0,0,2
444,13,8.1,26,1.2,1422,-10.2,2.48,0,0,2
455,14,9.9,25,1.5,1401,-9.2,2.43,0,0,2
521,15,10.3,23,2.1,1317,-9.9,2.09,0,0,2
555,16,9.5,31,3.1,973,-6.8,1.54,0,0,2
646,17,8.7,30,3.1,1117,-7.9,0.96,0,0,2
929,18,7.2,26,2.3,1398,-11,0.33,0,0,2
619,19,5.5,30,2.7,1150,-10.7,0.01,0,0,2
483,20,4.3,32,1.7,1101,-10.9,0,0,0,2
512,21,3.3,36,1.4,1110,-10.3,0,0,0,2
443,22,2.7,40,1,1089,-9.5,0,0,0,2
308,23,2.8,39,0.7,1065,-9.8,0,0,0,2
236,0,2.6,40,1.8,1095,-9.6,0,0,0,2
213,1,2.1,44,0.9,1107,-8.9,0,0,0,2
145,2,1.5,44,1.2,1079,-9.4,0,0,0,2
102,3,1.1,44,1,1128,-9.8,0,0,0,2
62,4,0.9,46,0.8,1140,-9.4,0,0,0,2
72,5,0.6,50,0.1,1026,-8.6,0,0,0,2
183,6,0.6,50,0.4,985,-8.6,0,0,0,2
443,7,1.3,47,0.7,1084,-8.7,0,0,0,2
767,8,2,51,0.7,990,-7,0,0,0,2
455,9,2.5,51,1,866,-6.6,0.07,0,0,2
261,10,3.3,47,0.7,818,-6.9,0.22,0,0,2
342,11,4.8,41,0.8,792,-7.3,0.53,0,0,2
353,12,5.4,37,0.7,815,-8.1,0.43,0,0,2
335,13,5.8,39,0.6,931,-7.1,0.35,0,0,2
357,14,6.3,40,0.8,943,-6.3,0.34,0,0,2
402,15,6.7,48,0.8,817,-3.5,0.39,0,0,2
411,16,6.9,54,1.1,692,-1.7,0.32,0,0,2
529,17,6.8,57,1,623,-1.1,0.16,0,0,2
897,18,6.6,62,0.8,522,-0.1,0.05,0,0,2
616,19,6.1,44,1,750,-5.2,0,0,0,2
461,20,5.9,44,1.3,733,-5.4,0,0,0,2
449,21,5.7,46,0.8,727,-5,0,0,0,2
461,22,5.4,49,1.1,687,-4.4,0,0,0,2
310,23,5.3,53,1.5,582,-3.5,0,0,0,2
266,0,5.1,52,1.1,614,-3.9,0,0,0,2
229,1,5,53,1.4,557,-3.8,0,0,0,2
174,2,5.2,54,1.3,516,-3.3,0,0,0,2
116,3,5.3,55,1.7,488,-3,0,0,0,2
72,4,5.4,56,1.7,472,-2.6,0,0,0,2
62,5,5.2,59,1.7,437,-2.1,0,0,0,2
165,6,5.2,60,1.9,430,-1.9,0,0,0,2
426,7,5.5,59,2.8,448,-1.8,0,0,0,2
816,8,5.7,57,2.5,458,-2.1,0.04,0,0,2
419,9,6.2,55,2.4,478,-2.1,0.13,0,0,2
285,10,6.5,53,2,518,-2.4,0.21,0,0,2
332,11,7.1,50,2.2,534,-2.6,0.33,0,0,2
305,12,7.6,48,2.6,600,-2.7,0.39,0,0,2
28,13,7.6,57,2.3,554,-0.3,0.33,0,0,2
17,14,5.7,80,3.7,348,2.5,0.13,0,0,2
7,15,4.8,87,2.9,312,2.8,0.08,4.5,0,2
9,16,4.2,89,2.5,479,2.5,0.07,0,0,2
8,17,3.8,90,2.7,654,2.3,0,0,0,2
11,18,3.6,90,2.1,845,2.1,0,9.5,0,2
19,19,2.5,95,1.9,838,1.7,0,0,0,2
8,20,2.7,96,1.5,1479,2.1,0,0,0,2
10,21,2.4,95,2.5,1349,1.6,0,9,0,2
13,22,2.3,96,1.9,1207,1.7,0,0,0,2
23,23,1.8,96,1.2,745,1.2,0,0,0,2
